ticker,year,month,industry,fcf,fcf_source,debt_total,debt_total_source,net_debt,ebitda_calc,ebitda_source,financing_liabilities
AAISA.SN,2022,12,non_financial,15992011.0,cfo_minus_capex,,missing,,16764621.0,ebit_plus_da,
AAISA.SN,2023,12,non_financial,21760296.0,cfo_minus_capex,,missing,,34105463.0,ebit_plus_da,
AAISA.SN,2024,12,non_financial,116979374.0,cfo_minus_capex,,missing,,47229068.0,ebit_plus_da,
AAISA.SN,2025,12,non_financial,238815278.0,cfo_minus_capex,,missing,,68246586.0,ebit_plus_da,
AGUAS-A.SN,2012,12,non_financial,301009268000.0,cfo_minus_capex,,missing,,242551516000.0,ebit_plus_da,
AGUAS-A.SN,2013,12,non_financial,321168818000.0,cfo_minus_capex,,missing,,248603672000.0,ebit_plus_da,
AGUAS-A.SN,2014,12,non_financial,286434262.0,cfo_minus_capex,,missing,,274051472.0,ebit_plus_da,
AGUAS-A.SN,2015,12,non_financial,302529676.0,cfo_minus_capex,,missing,,282619423.0,ebit_plus_da,
AGUAS-A.SN,2016,12,non_financial,347272326.0,cfo_minus_capex,,missing,,306110900.0,ebit_plus_da,
AGUAS-A.SN,2017,12,non_financial,325768245.0,cfo_minus_capex,,missing,,301213208.0,ebit_plus_da,
AGUAS-A.SN,2018,12,non_financial,382740476.0,cfo_minus_capex,,missing,,308539261.0,ebit_plus_da,
AGUAS-A.SN,2019,12,non_financial,,missing_cfo,,missing,,,missing,
AGUAS-A.SN,2020,12,non_financial,,missing_cfo,,missing,,,missing,
AGUAS-A.SN,2021,12,non_financial,,missing_cfo,,missing,,,missing,
AGUAS-A.SN,2022,12,non_financial,,missing_cfo,,missing,,,missing,
AGUAS-A.SN,2023,12,non_financial,,missing_cfo,,missing,,,missing,
AGUAS-A.SN,2024,12,non_financial,460243525.0,cfo_minus_capex,,missing,,332910505.0,ebit_plus_da,
AGUAS-A.SN,2025,12,non_financial,578819534.0,cfo_minus_capex,,missing,,358353744.0,ebit_plus_da,
ANDINA-A.SN,2010,12,non_financial,221309264000.0,cfo_minus_capex,,missing,,,missing,
ANDINA-A.SN,2011,12,non_financial,265881440000.0,cfo_minus_capex,,missing,,,missing,
ANDINA-A.SN,2012,12,non_financial,,missing_cfo,,missing,,,missing,
ANDINA-A.SN,2013,12,non_financial,,missing_cfo,,missing,,,missing,
ANDINA-A.SN,2014,12,non_financial,,missing_cfo,,missing,,,missing,
ANDINA-A.SN,2015,12,non_financial,,missing_cfo,,missing,,,missing,
ANDINA-A.SN,2016,12,non_financial,,missing_cfo,,missing,,,missing,
ANDINA-A.SN,2017,12,non_financial,,missing_cfo,,missing,,,missing,
ANDINA-A.SN,2018,12,non_financial,,missing_cfo,,missing,,,missing,
ANDINA-A.SN,2019,12,non_financial,,missing_cfo,,missing,,,missing,
ANDINA-A.SN,2020,12,non_financial,,missing_cfo,,missing,,,missing,
ANDINA-A.SN,2021,12,non_financial,,missing_cfo,,missing,,,missing,
ANDINA-A.SN,2022,12,non_financial,,missing_cfo,,missing,,,missing,
ANDINA-A.SN,2023,12,non_financial,,missing_cfo,,missing,,,missing,
ANDINA-A.SN,2024,12,non_financial,,missing_cfo,,missing,,,missing,
ANDINA-A.SN,2025,12,non_financial,,missing_cfo,,missing,,,missing,
ANTARCHILE.SN,2012,12,non_financial,2011140000.0,cfo_minus_capex,7071674000.0,short_plus_long,5838903000.0,1474405000.0,ebit_plus_da,
ANTARCHILE.SN,2013,12,non_financial,2567773000.0,cfo_minus_capex,7331552000.0,borrowings_total,5702438000.0,1839357000.0,ebit_plus_da,
ANTARCHILE.SN,2014,12,non_financial,2157081.0,cfo_minus_capex,,missing,,2422976.0,ebit_plus_da,
ANTARCHILE.SN,2015,12,non_financial,2130652.0,cfo_minus_capex,,missing,,1829951.0,ebit_plus_da,
ANTARCHILE.SN,2016,12,non_financial,2156490.0,cfo_minus_capex,,missing,,1547697.0,ebit_plus_da,
ANTARCHILE.SN,2017,12,non_financial,2433764.0,cfo_minus_capex,,missing,,1643251.0,ebit_plus_da,
ANTARCHILE.SN,2018,12,non_financial,2794319.0,cfo_minus_capex,,missing,,2495177.0,ebit_plus_da,
ANTARCHILE.SN,2019,12,non_financial,2855654.0,cfo_minus_capex,,missing,,1715310.0,ebit_plus_da,
ANTARCHILE.SN,2020,12,non_financial,3667323.0,cfo_minus_capex,,missing,,1581080.0,ebit_plus_da,
ANTARCHILE.SN,2021,12,non_financial,3515363.0,cfo_minus_capex,,missing,,3314427.0,ebit_plus_da,
ANTARCHILE.SN,2022,12,non_financial,3096980.0,cfo_minus_capex,,missing,,2965169.0,ebit_plus_da,
ANTARCHILE.SN,2023,12,non_financial,2715930.0,cfo_minus_capex,,missing,,1825381.0,ebit_plus_da,
ANTARCHILE.SN,2024,12,non_financial,,missing_cfo,,missing,,,missing,
ANTARCHILE.SN,2025,12,non_financial,,missing_cfo,,missing,,,missing,
BESALCO.SN,2012,12,non_financial,24313372000.0,cfo_minus_capex,130265773000.0,short_plus_long,113655926000.0,49924470000.0,ebit_plus_da,
BESALCO.SN,2013,12,non_financial,-10252456000.0,cfo_minus_capex,218145381000.0,short_plus_long,201635403000.0,30912557000.0,ebit_plus_da,
BESALCO.SN,2014,12,non_financial,5080116.0,cfo_minus_capex,241555560.0,short_plus_long,204143958.0,15091377.0,ebit_plus_da,
BESALCO.SN,2015,12,non_financial,37212899.0,cfo_minus_capex,298094676.0,short_plus_long,258778384.0,55849868.0,ebit_plus_da,
BESALCO.SN,2016,12,non_financial,24657896.0,cfo_minus_capex,275332267.0,short_plus_long,257216306.0,54383028.0,ebit_plus_da,
BESALCO.SN,2017,12,non_financial,22302488.0,cfo_minus_capex,240189545.0,short_plus_long,201606960.0,49664343.0,ebit_plus_da,
BESALCO.SN,2018,12,non_financial,-45960841.0,cfo_minus_capex,316670677.0,short_plus_long,275281517.0,58373982.0,ebit_plus_da,
BESALCO.SN,2019,12,non_financial,33194581.0,cfo_minus_capex,347083720.0,short_plus_long,277199122.0,65040369.0,ebit_plus_da,
BESALCO.SN,2020,12,non_financial,57451831.0,cfo_minus_capex,329094713.0,short_plus_long,255998649.0,67672219.0,ebit_plus_da,
BESALCO.SN,2021,12,non_financial,71297108.0,cfo_minus_capex,,missing,,76660593.0,ebit_plus_da,
BESALCO.SN,2022,12,non_financial,122948793.0,cfo_minus_capex,,missing,,127144568.0,ebit_plus_da,
BESALCO.SN,2023,12,non_financial,128622911.0,cfo_minus_capex,,missing,,145928557.0,ebit_plus_da,
BESALCO.SN,2024,12,non_financial,103164769.0,cfo_minus_capex,,missing,,158801684.0,ebit_plus_da,
BESALCO.SN,2025,12,non_financial,200274566.0,cfo_minus_capex,,missing,,167402464.0,ebit_plus_da,
BICE.SN,2011,12,financial,92962865000.0,cfo_minus_capex,,not_applicable,,,not_applicable,
BICE.SN,2012,12,financial,-51592333.0,cfo_minus_capex,,not_applicable,,,not_applicable,
BICE.SN,2013,12,financial,320429549.0,cfo_minus_capex,,not_applicable,,,not_applicable,
BICE.SN,2014,12,financial,421709096.0,cfo_minus_capex,,not_applicable,,,not_applicable,
BICE.SN,2015,12,financial,74103501.0,cfo_minus_capex,,not_applicable,,,not_applicable,
BICE.SN,2016,12,financial,-394351146.0,cfo_minus_capex,,not_applicable,,,not_applicable,
BICE.SN,2017,12,financial,103356188.0,cfo_minus_capex,,not_applicable,,,not_applicable,
BICE.SN,2018,12,financial,166438319.0,cfo_minus_capex,,not_applicable,,,not_applicable,
BICE.SN,2019,12,financial,446553706.0,cfo_minus_capex,,not_applicable,,,not_applicable,
BICE.SN,2020,12,financial,687734111.0,cfo_minus_capex,,not_applicable,,,not_applicable,
BICE.SN,2021,12,financial,94641428.0,cfo_minus_capex,,not_applicable,,,not_applicable,
BICE.SN,2022,12,financial,-691261602.0,cfo_minus_capex,,not_applicable,,,not_applicable,
BICE.SN,2023,12,financial,979617180.0,cfo_minus_capex,,not_applicable,,,not_applicable,
BICE.SN,2024,12,financial,-304218639.0,cfo_minus_capex,,not_applicable,,,not_applicable,
BICE.SN,2025,12,financial,330359429.0,cfo_minus_capex,,not_applicable,,,not_applicable,
CAMANCHACA.SN,2012,12,non_financial,1533.0,cfo_minus_capex,,missing,,13057.0,ebit_plus_da,
CAMANCHACA.SN,2013,12,non_financial,26132000.0,cfo_minus_capex,,missing,,21213000.0,ebit_plus_da,
CAMANCHACA.SN,2014,12,non_financial,56504.0,cfo_minus_capex,,missing,,64599.0,ebit_plus_da,
CAMANCHACA.SN,2015,12,non_financial,74363.0,cfo_minus_capex,,missing,,29450.0,ebit_plus_da,
CAMANCHACA.SN,2016,12,non_financial,76293.0,cfo_minus_capex,,missing,,47947.0,ebit_plus_da,
CAMANCHACA.SN,2017,12,non_financial,62736.0,cfo_minus_capex,,missing,,51109.0,ebit_plus_da,
CAMANCHACA.SN,2018,12,non_financial,108798.0,cfo_minus_capex,,missing,,96264.0,ebit_plus_da,
CAMANCHACA.SN,2019,12,non_financial,92843.0,cfo_minus_capex,,missing,,82393.0,ebit_plus_da,
CAMANCHACA.SN,2020,12,non_financial,71111.0,cfo_minus_capex,,missing,,14922.0,ebit_plus_da,
CAMANCHACA.SN,2021,12,non_financial,89474.0,cfo_minus_capex,51787.0,borrowings_total,-23683.0,55582.0,ebit_plus_da,
CAMANCHACA.SN,2022,12,non_financial,168850.0,cfo_minus_capex,7204.0,borrowings_total,-29826.0,125694.0,ebit_plus_da,
CAMANCHACA.SN,2023,12,non_financial,85529.0,cfo_minus_capex,34310.0,borrowings_total,-10411.0,74933.0,ebit_plus_da,
CAMANCHACA.SN,2024,12,non_financial,109250.0,cfo_minus_capex,48487.0,borrowings_total,-7186.0,102647.0,ebit_plus_da,
CAMANCHACA.SN,2025,12,non_financial,123850.0,cfo_minus_capex,26469.0,borrowings_total,-5165.0,134127.0,ebit_plus_da,
CAP.SN,2012,12,non_financial,1756370000.0,cfo_minus_capex,718685000.0,short_plus_long,423388000.0,717249000.0,ebit_plus_da,
CAP.SN,2013,12,non_financial,1751582000.0,cfo_minus_capex,900924000.0,short_plus_long,789731000.0,591479000.0,ebit_plus_da,
CAP.SN,2014,12,non_financial,712318.0,cfo_minus_capex,1232327.0,short_plus_long,1101171.0,345878.0,ebit_plus_da,
CAP.SN,2015,12,non_financial,298828.0,cfo_minus_capex,1444919.0,short_plus_long,1217185.0,280607.0,ebit_plus_da,
CAP.SN,2016,12,non_financial,430493.0,cfo_minus_capex,1311093.0,short_plus_long,1086855.0,433477.0,ebit_plus_da,
CAP.SN,2017,12,non_financial,593287.0,cfo_minus_capex,853016.0,short_plus_long,557678.0,566992.0,ebit_plus_da,
CAP.SN,2018,12,non_financial,477023.0,cfo_minus_capex,793784.0,short_plus_long,598995.0,507829.0,ebit_plus_da,
CAP.SN,2019,12,non_financial,340722.0,cfo_minus_capex,955678.0,short_plus_long,694460.0,149539.0,ebit_plus_da,
CAP.SN,2020,12,non_financial,1127738.0,cfo_minus_capex,650080.0,short_plus_long,228143.0,915265.0,ebit_plus_da,
CAP.SN,2021,12,non_financial,1820883.0,cfo_minus_capex,881249.0,short_plus_long,13697.0,1774293.0,ebit_plus_da,
CAP.SN,2022,12,non_financial,654833.0,cfo_minus_capex,1216561.0,short_plus_long,945129.0,885014.0,ebit_plus_da,
CAP.SN,2023,12,non_financial,976662.0,cfo_minus_capex,2031000.0,short_plus_long,1533919.0,665509.0,ebit_plus_da,
CAP.SN,2024,12,non_financial,688130.0,cfo_minus_capex,2202954.0,short_plus_long,1810691.0,552286.0,ebit_plus_da,
CAP.SN,2025,12,non_financial,688189.0,cfo_minus_capex,2358759.0,short_plus_long,2047317.0,459241.0,ebit_plus_da,
CCU.SN,2012,12,non_financial,254612534000.0,cfo_minus_capex,66157366000.0,short_plus_long,-36179909000.0,231470310000.0,ebit_plus_da,
CCU.SN,2013,12,non_financial,316606544000.0,cfo_minus_capex,22893202000.0,short_plus_long,-385960065000.0,253471132000.0,ebit_plus_da,
CCU.SN,2014,12,non_financial,401484702.0,cfo_minus_capex,37365605.0,short_plus_long,-177409271.0,252564797.0,ebit_plus_da,
CCU.SN,2015,12,non_financial,349179782.0,cfo_minus_capex,42929389.0,short_plus_long,-149624850.0,295015800.0,ebit_plus_da,
CCU.SN,2016,12,non_financial,315706088.0,cfo_minus_capex,23149709.0,short_plus_long,-110640241.0,275833858.0,ebit_plus_da,
CCU.SN,2017,12,non_financial,385688209.0,cfo_minus_capex,57777169.0,short_plus_long,-112267433.0,319376915.0,ebit_plus_da,
CCU.SN,2018,12,non_financial,,missing_cfo,,missing,,,missing,
CCU.SN,2019,12,non_financial,,missing_cfo,,missing,,,missing,
CCU.SN,2020,12,non_financial,,missing_cfo,,missing,,,missing,
CCU.SN,2021,12,non_financial,,missing_cfo,,missing,,,missing,
CCU.SN,2022,12,non_financial,,missing_cfo,,missing,,,missing,
CCU.SN,2023,12,non_financial,,missing_cfo,,missing,,,missing,
CCU.SN,2024,12,non_financial,,missing_cfo,,missing,,,missing,
CCU.SN,2025,12,non_financial,,missing_cfo,,missing,,,missing,
CENCOMALLS.SN,2019,12,non_financial,234706708.0,cfo_minus_capex,,missing,,599852816.0,ebit_plus_da,
CENCOMALLS.SN,2020,12,non_financial,,missing_capex,,missing,,369952769.0,ebit_plus_da,
CENCOMALLS.SN,2021,12,non_financial,161958517.0,cfo_minus_capex,,missing,,134113508.0,ebit_plus_da,
CENCOMALLS.SN,2022,12,non_financial,225758934.0,cfo_minus_capex,,missing,,287676603.0,ebit_plus_da,
CENCOMALLS.SN,2023,12,non_financial,250948218.0,cfo_minus_capex,,missing,,272791980.0,ebit_plus_da,
CENCOMALLS.SN,2024,12,non_financial,275122503.0,cfo_minus_capex,,missing,,387346866.0,ebit_plus_da,
CENCOMALLS.SN,2025,12,non_financial,274230821.0,cfo_minus_capex,,missing,,437205329.0,ebit_plus_da,
CENCOSUD.SN,2012,12,non_financial,1303531960000.0,cfo_minus_capex,1486727189000.0,short_plus_long,1249006384000.0,749316769000.0,ebit_plus_da,
CENCOSUD.SN,2013,12,non_financial,683379362000.0,cfo_minus_capex,441070635000.0,borrowings_total,269359010000.0,813183809000.0,ebit_plus_da,
CENCOSUD.SN,2014,12,non_financial,616906232.0,cfo_minus_capex,629083332.0,borrowings_total,410211539.0,749925640.0,ebit_plus_da,
CENCOSUD.SN,2015,12,non_financial,807756859.0,cfo_minus_capex,193821962.0,borrowings_total,-74453164.0,868554879.0,ebit_plus_da,
CENCOSUD.SN,2016,12,non_financial,612240492.0,cfo_minus_capex,215393417.0,borrowings_total,-59825586.0,1041578762.0,ebit_plus_da,
CENCOSUD.SN,2017,12,non_financial,605097878.0,cfo_minus_capex,247478978.0,borrowings_total,-6508344.0,1067464813.0,ebit_plus_da,
CENCOSUD.SN,2018,12,non_financial,653092657.0,cfo_minus_capex,238561333.0,borrowings_total,16715936.0,823489882.0,ebit_plus_da,
CENCOSUD.SN,2019,12,non_financial,917229044.0,cfo_minus_capex,64461314.0,borrowings_total,-1003102787.0,1031352643.0,ebit_plus_da,
CENCOSUD.SN,2020,12,non_financial,1197051030.0,cfo_minus_capex,13982684.0,borrowings_total,-667949771.0,967317760.0,ebit_plus_da,
CENCOSUD.SN,2021,12,non_financial,1399306303.0,cfo_minus_capex,13634303.0,borrowings_total,-793075959.0,1314138317.0,ebit_plus_da,
CENCOSUD.SN,2022,12,non_financial,1443363490.0,cfo_minus_capex,258709933.0,borrowings_total,-114990370.0,1486555377.0,ebit_plus_da,
CENCOSUD.SN,2023,12,non_financial,1721206789.0,cfo_minus_capex,915637391.0,short_plus_long,432511807.0,1427036482.0,ebit_plus_da,
CENCOSUD.SN,2024,12,non_financial,1718172529.0,cfo_minus_capex,935903120.0,short_plus_long,193258651.0,1556833453.0,ebit_plus_da,
CENCOSUD.SN,2025,12,non_financial,1586454157.0,cfo_minus_capex,994299956.0,short_plus_long,357144123.0,1574225511.0,ebit_plus_da,
CHILE.SN,2010,12,financial,56558054000.0,cfo_minus_capex,,not_applicable,,,not_applicable,
CHILE.SN,2011,12,financial,39699125000.0,cfo_minus_capex,,not_applicable,,,not_applicable,
CHILE.SN,2012,12,financial,72845929000.0,cfo_minus_capex,,not_applicable,,,not_applicable,
CHILE.SN,2013,12,financial,53164638000.0,cfo_minus_capex,,not_applicable,,,not_applicable,
CHILE.SN,2014,12,financial,55504719.0,cfo_minus_capex,,not_applicable,,,not_applicable,
CHILE.SN,2015,12,financial,61209770.0,cfo_minus_capex,,not_applicable,,,not_applicable,
CHILE.SN,2016,12,financial,72958833.0,cfo_minus_capex,,not_applicable,,,not_applicable,
CHILE.SN,2017,12,financial,75399629.0,cfo_minus_capex,,not_applicable,,,not_applicable,
CHILE.SN,2018,12,financial,80155565.0,cfo_minus_capex,,not_applicable,,,not_applicable,
CHILE.SN,2019,12,financial,127182146.0,cfo_minus_capex,,not_applicable,,,not_applicable,
CHILE.SN,2020,12,financial,75161023.0,cfo_minus_capex,,not_applicable,,,not_applicable,
CHILE.SN,2021,12,financial,82767925.0,cfo_minus_capex,,not_applicable,,,not_applicable,
CHILE.SN,2022,12,financial,84575991.0,cfo_minus_capex,,not_applicable,,,not_applicable,
CHILE.SN,2023,12,financial,55042088.0,cfo_minus_capex,,not_applicable,,,not_applicable,
CHILE.SN,2024,12,financial,104607284.0,cfo_minus_capex,,not_applicable,,,not_applicable,
CHILE.SN,2025,12,financial,45011988.0,cfo_minus_capex,,not_applicable,,,not_applicable,
CMPC.SN,2012,12,non_financial,1326240000.0,cfo_minus_capex,1059769000.0,short_plus_long,628527000.0,846455000.0,ebit_plus_da,
CMPC.SN,2013,12,non_financial,1628630000.0,cfo_minus_capex,840551000.0,short_plus_long,-86698000.0,843119000.0,ebit_plus_da,
CMPC.SN,2014,12,non_financial,2371688.0,cfo_minus_capex,1220531.0,short_plus_long,123505.0,814288.0,ebit_plus_da,
CMPC.SN,2015,12,non_financial,1560409.0,cfo_minus_capex,1010981.0,short_plus_long,500625.0,972989.0,ebit_plus_da,
CMPC.SN,2016,12,non_financial,1160955.0,cfo_minus_capex,1133320.0,short_plus_long,537477.0,650570.0,ebit_plus_da,
CMPC.SN,2017,12,non_financial,1476877.0,cfo_minus_capex,977901.0,short_plus_long,145147.0,779963.0,ebit_plus_da,
CMPC.SN,2018,12,non_financial,1301234.0,cfo_minus_capex,736743.0,short_plus_long,-230761.0,1539795.0,ebit_plus_da,
CMPC.SN,2019,12,non_financial,894922.0,cfo_minus_capex,926497.0,short_plus_long,311459.0,893770.0,ebit_plus_da,
CMPC.SN,2020,12,non_financial,919973.0,cfo_minus_capex,524120.0,short_plus_long,-366911.0,768068.0,ebit_plus_da,
CMPC.SN,2021,12,non_financial,1380787.0,cfo_minus_capex,406795.0,short_plus_long,-748270.0,1472178.0,ebit_plus_da,
CMPC.SN,2022,12,non_financial,1161239.0,cfo_minus_capex,1091034.0,short_plus_long,332344.0,1888407.0,ebit_plus_da,
CMPC.SN,2023,12,non_financial,1421833.0,cfo_minus_capex,1618705.0,short_plus_long,772447.0,1100792.0,ebit_plus_da,
CMPC.SN,2024,12,non_financial,1561648.0,cfo_minus_capex,1777940.0,short_plus_long,1146308.0,1429734.0,ebit_plus_da,
CMPC.SN,2025,12,non_financial,1529630.0,cfo_minus_capex,1139089.0,short_plus_long,326721.0,1078797.0,ebit_plus_da,
COLBUN.SN,2012,12,non_financial,713988000.0,cfo_minus_capex,,missing,,253226000.0,ebit_plus_da,
COLBUN.SN,2013,12,non_financial,752238000.0,cfo_minus_capex,,missing,,314398000.0,ebit_plus_da,
COLBUN.SN,2014,12,non_financial,132800.0,cfo_minus_capex,,missing,,535138.0,ebit_plus_da,
COLBUN.SN,2015,12,non_financial,786362.0,cfo_minus_capex,,missing,,583789.0,ebit_plus_da,
COLBUN.SN,2016,12,non_financial,669995.0,cfo_minus_capex,,missing,,584173.0,ebit_plus_da,
COLBUN.SN,2017,12,non_financial,723144.0,cfo_minus_capex,,missing,,607325.0,ebit_plus_da,
COLBUN.SN,2018,12,non_financial,624269.0,cfo_minus_capex,,missing,,630555.0,ebit_plus_da,
COLBUN.SN,2019,12,non_financial,652604.0,cfo_minus_capex,,missing,,587732.0,ebit_plus_da,
COLBUN.SN,2020,12,non_financial,638180.0,cfo_minus_capex,,missing,,442376.0,ebit_plus_da,
COLBUN.SN,2021,12,non_financial,588156.0,cfo_minus_capex,,missing,,1126843.0,ebit_plus_da,
COLBUN.SN,2022,12,non_financial,766398.0,cfo_minus_capex,,missing,,685682.0,ebit_plus_da,
COLBUN.SN,2023,12,non_financial,1240088.0,cfo_minus_capex,,missing,,765449.0,ebit_plus_da,
COLBUN.SN,2024,12,non_financial,701271.0,cfo_minus_capex,,missing,,568373.0,ebit_plus_da,
COLBUN.SN,2025,12,non_financial,819915.0,cfo_minus_capex,,missing,,520491.0,ebit_plus_da,
CONCHATORO.SN,2012,12,non_financial,46725448000.0,cfo_minus_capex,196187052000.0,short_plus_long,137310721000.0,52941012000.0,ebit_plus_da,
CONCHATORO.SN,2013,12,non_financial,54236705000.0,cfo_minus_capex,168734231000.0,short_plus_long,155883579000.0,53991938000.0,ebit_plus_da,
CONCHATORO.SN,2014,12,non_financial,46993674.0,cfo_minus_capex,160076464.0,short_plus_long,129772310.0,82382169.0,ebit_plus_da,
CONCHATORO.SN,2015,12,non_financial,84840780.0,cfo_minus_capex,145826697.0,short_plus_long,115191513.0,92333865.0,ebit_plus_da,
CONCHATORO.SN,2016,12,non_financial,86094560.0,cfo_minus_capex,106463145.0,short_plus_long,59249628.0,91581683.0,ebit_plus_da,
CONCHATORO.SN,2017,12,non_financial,67626859.0,cfo_minus_capex,139917345.0,short_plus_long,108754999.0,85158115.0,ebit_plus_da,
CONCHATORO.SN,2018,12,non_financial,62688400.0,cfo_minus_capex,138055946.0,short_plus_long,100569609.0,84919280.0,ebit_plus_da,
CONCHATORO.SN,2019,12,non_financial,59482236.0,cfo_minus_capex,136145378.0,short_plus_long,64108241.0,105643831.0,ebit_plus_da,
CONCHATORO.SN,2020,12,non_financial,137885110.0,cfo_minus_capex,99889469.0,short_plus_long,6711033.0,148487083.0,ebit_plus_da,
CONCHATORO.SN,2021,12,non_financial,83714472.0,cfo_minus_capex,105873012.0,short_plus_long,41866357.0,164250446.0,ebit_plus_da,
CONCHATORO.SN,2022,12,non_financial,77180080.0,cfo_minus_capex,151854883.0,short_plus_long,118063207.0,135227271.0,ebit_plus_da,
CONCHATORO.SN,2023,12,non_financial,104697108.0,cfo_minus_capex,221920087.0,short_plus_long,187734893.0,95422982.0,ebit_plus_da,
CONCHATORO.SN,2024,12,non_financial,201471218.0,cfo_minus_capex,187674184.0,short_plus_long,142174150.0,151375140.0,ebit_plus_da,
CONCHATORO.SN,2025,12,non_financial,122454305.0,cfo_minus_capex,194989052.0,short_plus_long,137718393.0,139626477.0,ebit_plus_da,
COPEC.SN,2010,12,non_financial,2173232000.0,cfo_minus_capex,,missing,,,missing,
COPEC.SN,2012,12,non_financial,,missing_cfo,,missing,,,missing,
COPEC.SN,2013,12,non_financial,,missing_cfo,,missing,,,missing,
COPEC.SN,2014,12,non_financial,,missing_cfo,,missing,,,missing,
COPEC.SN,2015,12,non_financial,,missing_cfo,,missing,,,missing,
COPEC.SN,2016,12,non_financial,,missing_cfo,,missing,,,missing,
COPEC.SN,2017,12,non_financial,,missing_cfo,,missing,,,missing,
COPEC.SN,2018,12,non_financial,,missing_cfo,,missing,,,missing,
COPEC.SN,2019,12,non_financial,,missing_cfo,,missing,,,missing,
COPEC.SN,2020,12,non_financial,,missing_cfo,,missing,,,missing,
COPEC.SN,2021,12,non_financial,,missing_cfo,,missing,,,missing,
COPEC.SN,2022,12,non_financial,,missing_cfo,,missing,,,missing,
COPEC.SN,2023,12,non_financial,,missing_cfo,,missing,,,missing,
COPEC.SN,2024,12,non_financial,,missing_cfo,,missing,,,missing,
COPEC.SN,2025,12,non_financial,,missing_cfo,,missing,,,missing,
ECL.SN,2012,12,non_financial,397558000.0,cfo_minus_capex,794741000.0,short_plus_long,710516000.0,258833000.0,ebit_plus_da,
ECL.SN,2013,12,non_financial,316170000.0,cfo_minus_capex,761266000.0,short_plus_long,639749000.0,262316000.0,ebit_plus_da,
ECL.SN,2014,12,non_financial,305275.0,cfo_minus_capex,735667.0,short_plus_long,467170.0,309228.0,ebit_plus_da,
ECL.SN,2015,12,non_financial,648932.0,cfo_minus_capex,760147.0,short_plus_long,614776.0,312453.0,ebit_plus_da,
ECL.SN,2016,12,non_financial,601803.0,cfo_minus_capex,748872.0,short_plus_long,470596.0,444406.0,ebit_plus_da,
ECL.SN,2017,12,non_financial,748495.0,cfo_minus_capex,734155.0,short_plus_long,656014.0,281158.0,ebit_plus_da,
ECL.SN,2018,12,non_financial,496184.0,cfo_minus_capex,736108.0,short_plus_long,674596.0,286700.0,ebit_plus_da,
ECL.SN,2019,12,non_financial,632552.0,cfo_minus_capex,742205.0,short_plus_long,503122.0,346899.0,ebit_plus_da,
ECL.SN,2020,12,non_financial,418799.0,cfo_minus_capex,830998.0,borrowings_total,595748.0,441109.0,ebit_plus_da,
ECL.SN,2021,12,non_financial,340560.0,cfo_minus_capex,869400.0,short_plus_long,653711.0,308755.0,ebit_plus_da,
ECL.SN,2022,12,non_financial,-231297.0,cfo_minus_capex,836973.0,borrowings_total,704608.0,-269605.0,ebit_plus_da,
ECL.SN,2023,12,non_financial,880597.0,cfo_minus_capex,840024.0,borrowings_total,538697.0,-218143.0,ebit_plus_da,
ECL.SN,2024,12,non_financial,1230742.0,cfo_minus_capex,1205579.0,borrowings_total,706936.0,507715.0,ebit_plus_da,
ECL.SN,2025,12,non_financial,1742689.0,cfo_minus_capex,1332780.0,borrowings_total,1245700.0,616273.0,ebit_plus_da,
EMBONOR-B.SN,2012,12,non_financial,95986469000.0,cfo_minus_capex,,missing,,67707226000.0,ebit_plus_da,
EMBONOR-B.SN,2013,12,non_financial,131203997000.0,cfo_minus_capex,,missing,,72266418000.0,ebit_plus_da,
EMBONOR-B.SN,2014,12,non_financial,123964807.0,cfo_minus_capex,,missing,,72537790.0,ebit_plus_da,
EMBONOR-B.SN,2015,12,non_financial,142915288.0,cfo_minus_capex,,missing,,87388344.0,ebit_plus_da,
EMBONOR-B.SN,2016,12,non_financial,150703579.0,cfo_minus_capex,,missing,,103039200.0,ebit_plus_da,
EMBONOR-B.SN,2017,12,non_financial,151453397.0,cfo_minus_capex,,missing,,104484162.0,ebit_plus_da,
EMBONOR-B.SN,2018,12,non_financial,146371499.0,cfo_minus_capex,,missing,,109459747.0,ebit_plus_da,
EMBONOR-B.SN,2019,12,non_financial,172308180.0,cfo_minus_capex,,missing,,115033601.0,ebit_plus_da,
EMBONOR-B.SN,2020,12,non_financial,171370662.0,cfo_minus_capex,,missing,,125753657.0,ebit_plus_da,
EMBONOR-B.SN,2021,12,non_financial,194654310.0,cfo_minus_capex,,missing,,160136862.0,ebit_plus_da,
EMBONOR-B.SN,2022,12,non_financial,179329273.0,cfo_minus_capex,,missing,,177546108.0,ebit_plus_da,
EMBONOR-B.SN,2023,12,non_financial,201482117.0,cfo_minus_capex,,missing,,168226190.0,ebit_plus_da,
EMBONOR-B.SN,2024,12,non_financial,189580501.0,cfo_minus_capex,,missing,,188488597.0,ebit_plus_da,
EMBONOR-B.SN,2025,12,non_financial,163884286.0,cfo_minus_capex,,missing,,176711532.0,ebit_plus_da,
ENELAM.SN,2012,12,non_financial,2088269191000.0,cfo_minus_capex,3350612869000.0,short_plus_long,2493232851000.0,1954650745000.0,ebit_plus_da,
ENELAM.SN,2013,12,non_financial,2304389476000.0,cfo_minus_capex,,missing,,2195781529000.0,ebit_plus_da,
ENELAM.SN,2014,12,non_financial,2523947419.0,cfo_minus_capex,,missing,,2320274593.0,ebit_plus_da,
ENELAM.SN,2015,12,non_financial,3014074701.0,cfo_minus_capex,,missing,,1568734458.0,ebit_plus_da,
ENELAM.SN,2016,12,non_financial,2269482678.0,cfo_minus_capex,,missing,,1545363549.0,ebit_plus_da,
ENELAM.SN,2017,12,non_financial,2552515.0,cfo_minus_capex,,missing,,2872858.0,ebit_plus_da,
ENELAM.SN,2018,12,non_financial,2595000.0,cfo_minus_capex,,missing,,3297641.0,ebit_plus_da,
ENELAM.SN,2019,12,non_financial,3419110.0,cfo_minus_capex,,missing,,4010514.0,ebit_plus_da,
ENELAM.SN,2020,12,non_financial,3239337.0,cfo_minus_capex,,missing,,3158257.0,ebit_plus_da,
ENELAM.SN,2021,12,non_financial,4456780.0,cfo_minus_capex,,missing,,4005532.0,ebit_plus_da,
ENELAM.SN,2022,12,non_financial,5943530.0,cfo_minus_capex,,missing,,3222348.0,ebit_plus_da,
ENELAM.SN,2023,12,non_financial,4673398.0,cfo_minus_capex,,missing,,3398163.0,ebit_plus_da,
ENELAM.SN,2024,12,non_financial,3630916.0,cfo_minus_capex,,missing,,3625896.0,ebit_plus_da,
ENELAM.SN,2025,12,non_financial,3819766.0,cfo_minus_capex,,missing,,4180935.0,ebit_plus_da,
ENELCHILE.SN,2016,12,non_financial,619352028.0,cfo_minus_capex,,missing,,714079449.0,ebit_plus_da,
ENELCHILE.SN,2017,12,non_financial,901643641.0,cfo_minus_capex,,missing,,844555876.0,ebit_plus_da,
ENELCHILE.SN,2018,12,non_financial,1036064358.0,cfo_minus_capex,,missing,,889202400.0,ebit_plus_da,
ENELCHILE.SN,2019,12,non_financial,1044058081.0,cfo_minus_capex,,missing,,774522423.0,ebit_plus_da,
ENELCHILE.SN,2020,12,non_financial,1270673463.0,cfo_minus_capex,,missing,,220358166.0,ebit_plus_da,
ENELCHILE.SN,2021,12,non_financial,1160906052.0,cfo_minus_capex,,missing,,499423778.0,ebit_plus_da,
ENELCHILE.SN,2022,12,non_financial,1660471592.0,cfo_minus_capex,,missing,,2154636838.0,ebit_plus_da,
ENELCHILE.SN,2023,12,non_financial,1342454646.0,cfo_minus_capex,,missing,,1253781384.0,ebit_plus_da,
ENELCHILE.SN,2024,12,non_financial,2214909854.0,cfo_minus_capex,,missing,,686666386.0,ebit_plus_da,
ENELCHILE.SN,2025,12,non_financial,1781962.0,cfo_minus_capex,,missing,,1443228.0,ebit_plus_da,
ENELGXCH.SN,2012,12,non_financial,816017007000.0,cfo_minus_capex,,missing,,824124644000.0,ebit_plus_da,
ENELGXCH.SN,2013,12,non_financial,999785948000.0,cfo_minus_capex,,missing,,975891357000.0,ebit_plus_da,
ENELGXCH.SN,2014,12,non_financial,1238113467.0,cfo_minus_capex,,missing,,1123863272.0,ebit_plus_da,
ENELGXCH.SN,2015,12,non_financial,1426969652.0,cfo_minus_capex,,missing,,530669778.0,ebit_plus_da,
ENELGXCH.SN,2016,12,non_financial,754068984.0,cfo_minus_capex,,missing,,685477675.0,ebit_plus_da,
ENELGXCH.SN,2017,12,non_financial,694943045.0,cfo_minus_capex,,missing,,694286439.0,ebit_plus_da,
ENELGXCH.SN,2018,12,non_financial,687600323.0,cfo_minus_capex,,missing,,585583162.0,ebit_plus_da,
ENELGXCH.SN,2019,12,non_financial,761540062.0,cfo_minus_capex,,missing,,388374999.0,ebit_plus_da,
ENELGXCH.SN,2020,12,non_financial,501720569.0,cfo_minus_capex,,missing,,-141161303.0,ebit_plus_da,
ENELGXCH.SN,2021,12,non_financial,399664049.0,cfo_minus_capex,,missing,,240702165.0,ebit_plus_da,
ENELGXCH.SN,2022,12,non_financial,600333023.0,cfo_minus_capex,,missing,,848419162.0,ebit_plus_da,
ENELGXCH.SN,2023,12,non_financial,823947864.0,cfo_minus_capex,,missing,,682421564.0,ebit_plus_da,
ENELGXCH.SN,2024,12,non_financial,1334848373.0,cfo_minus_capex,,missing,,723541061.0,ebit_plus_da,
ENELGXCH.SN,2025,12,non_financial,1039686.0,cfo_minus_capex,,missing,,892068.0,ebit_plus_da,
ENTEL.SN,2012,12,non_financial,920357155000.0,cfo_minus_capex,383549242000.0,short_plus_long,329672352000.0,531650036000.0,ebit_plus_da,
ENTEL.SN,2013,12,non_financial,863627771000.0,cfo_minus_capex,803395295000.0,short_plus_long,784144893000.0,463202873000.0,ebit_plus_da,
ENTEL.SN,2014,12,non_financial,1033657972.0,cfo_minus_capex,1446769986.0,short_plus_long,1067850610.0,366404571.0,ebit_plus_da,
ENTEL.SN,2015,12,non_financial,831234097.0,cfo_minus_capex,1669660457.0,short_plus_long,1533167985.0,354469272.0,ebit_plus_da,
ENTEL.SN,2016,12,non_financial,808347487.0,cfo_minus_capex,1591494992.0,short_plus_long,1480580162.0,413979635.0,ebit_plus_da,
ENTEL.SN,2017,12,non_financial,1039366624.0,cfo_minus_capex,1583521489.0,short_plus_long,1437875024.0,433252988.0,ebit_plus_da,
ENTEL.SN,2018,12,non_financial,981082654.0,cfo_minus_capex,1807579706.0,short_plus_long,1734831456.0,422478899.0,ebit_plus_da,
ENTEL.SN,2019,12,non_financial,1092556105.0,cfo_minus_capex,1987093561.0,short_plus_long,1539681801.0,766568087.0,ebit_plus_da,
ENTEL.SN,2020,12,non_financial,963062235.0,cfo_minus_capex,1869523318.0,short_plus_long,1667042081.0,679904738.0,ebit_plus_da,
ENTEL.SN,2021,12,non_financial,876845239.0,cfo_minus_capex,2126586677.0,short_plus_long,2017981909.0,761256869.0,ebit_plus_da,
ENTEL.SN,2022,12,non_financial,1187340044.0,cfo_minus_capex,2130779733.0,short_plus_long,1944237337.0,1275627438.0,ebit_plus_da,
ENTEL.SN,2023,12,non_financial,1420880417.0,cfo_minus_capex,2062432901.0,short_plus_long,1531570514.0,753711732.0,ebit_plus_da,
ENTEL.SN,2024,12,non_financial,1266555023.0,cfo_minus_capex,2010338199.0,short_plus_long,1930419327.0,775320850.0,ebit_plus_da,
ENTEL.SN,2025,12,non_financial,1444056324.0,cfo_minus_capex,1578637334.0,short_plus_long,1344987143.0,820619937.0,ebit_plus_da,
FALABELLA.SN,2011,12,non_financial,673410696000.0,cfo_minus_capex,,missing,,,missing,
FALABELLA.SN,2012,12,non_financial,1242666851000.0,cfo_minus_capex,416667261000.0,borrowings_total,219719939000.0,701564456000.0,ebit_plus_da,
FALABELLA.SN,2013,12,non_financial,879773684000.0,cfo_minus_capex,472654086000.0,borrowings_total,197117578000.0,821004040000.0,ebit_plus_da,
FALABELLA.SN,2014,12,non_financial,1146912891.0,cfo_minus_capex,673675359.0,borrowings_total,462455491.0,903772637.0,ebit_plus_da,
FALABELLA.SN,2015,12,non_financial,1110804367.0,cfo_minus_capex,628448974.0,borrowings_total,421140748.0,1008430084.0,ebit_plus_da,
FALABELLA.SN,2016,12,non_financial,1004323716.0,cfo_minus_capex,882103425.0,borrowings_total,680783791.0,1182131518.0,ebit_plus_da,
FALABELLA.SN,2017,12,non_financial,1347834532.0,cfo_minus_capex,727759625.0,borrowings_total,495732440.0,1090048054.0,ebit_plus_da,
FALABELLA.SN,2018,12,non_financial,1336333771.0,cfo_minus_capex,990064907.0,borrowings_total,637964402.0,1098102125.0,ebit_plus_da,
FALABELLA.SN,2019,12,non_financial,1607671255.0,cfo_minus_capex,443932448.0,borrowings_total,143967095.0,812028942.0,ebit_plus_da,
FALABELLA.SN,2020,12,non_financial,2477725023.0,cfo_minus_capex,530542382.0,borrowings_total,-685651538.0,577488576.0,ebit_plus_da,
FALABELLA.SN,2021,12,non_financial,757999973.0,cfo_minus_capex,508082080.0,borrowings_total,-25183458.0,1204308432.0,ebit_plus_da,
FALABELLA.SN,2022,12,non_financial,519801643.0,cfo_minus_capex,975421824.0,borrowings_total,351349063.0,765737684.0,ebit_plus_da,
FALABELLA.SN,2023,12,non_financial,1950757929.0,cfo_minus_capex,345809883.0,borrowings_total,-732009261.0,904782093.0,ebit_plus_da,
FALABELLA.SN,2024,12,non_financial,1185953647.0,cfo_minus_capex,615774402.0,borrowings_total,-1022610789.0,1346386035.0,ebit_plus_da,
FALABELLA.SN,2025,12,non_financial,1481961400.0,cfo_minus_capex,333719401.0,borrowings_total,-1251001841.0,2870692653.0,ebit_plus_da,
FORUS.SN,2012,12,non_financial,36418080.0,cfo_minus_capex,4672286.0,short_plus_long,-10114506.0,42698137.0,ebit_plus_da,
FORUS.SN,2013,12,non_financial,46915307.0,cfo_minus_capex,3308198.0,short_plus_long,-5075220.0,49286203.0,ebit_plus_da,
FORUS.SN,2014,12,non_financial,30808525.0,cfo_minus_capex,3219480.0,short_plus_long,-644517.0,48381428.0,ebit_plus_da,
FORUS.SN,2015,12,non_financial,38379211.0,cfo_minus_capex,3337725.0,short_plus_long,-3205178.0,43860871.0,ebit_plus_da,
FORUS.SN,2016,12,non_financial,25884605.0,cfo_minus_capex,3564859.0,short_plus_long,-503229.0,41018522.0,ebit_plus_da,
FORUS.SN,2017,12,non_financial,11441608.0,cfo_minus_capex,4221306.0,short_plus_long,-143730.0,41069424.0,ebit_plus_da,
FORUS.SN,2018,12,non_financial,69642024.0,cfo_minus_capex,3629314.0,short_plus_long,-1629558.0,38447497.0,ebit_plus_da,
FORUS.SN,2019,12,non_financial,46449617.0,cfo_minus_capex,52687413.0,short_plus_long,41929647.0,50439406.0,ebit_plus_da,
FORUS.SN,2020,12,non_financial,48374170.0,cfo_minus_capex,38356651.0,short_plus_long,23602289.0,24689915.0,ebit_plus_da,
FORUS.SN,2021,12,non_financial,105811232.0,cfo_minus_capex,27878215.0,short_plus_long,6352962.0,69100736.0,ebit_plus_da,
FORUS.SN,2022,12,non_financial,4853772.0,cfo_minus_capex,48572497.0,short_plus_long,21721663.0,59400236.0,ebit_plus_da,
FORUS.SN,2023,12,non_financial,78631473.0,cfo_minus_capex,46400396.0,short_plus_long,19674209.0,57203213.0,ebit_plus_da,
FORUS.SN,2024,12,non_financial,80028243.0,cfo_minus_capex,3095406.0,short_plus_long,-19762625.0,66195254.0,ebit_plus_da,
FORUS.SN,2025,12,non_financial,55378170.0,cfo_minus_capex,581930.0,borrowings_total,-27508826.0,67904103.0,ebit_plus_da,
GASCO.SN,2011,12,non_financial,176485666000.0,cfo_minus_capex,,missing,,,missing,
GASCO.SN,2012,12,non_financial,222405895000.0,cfo_minus_capex,124502204000.0,short_plus_long,65807021000.0,211772462000.0,ebit_plus_da,
GASCO.SN,2013,12,non_financial,300729195000.0,cfo_minus_capex,131080557000.0,short_plus_long,70742904000.0,242362118000.0,ebit_plus_da,
GASCO.SN,2014,12,non_financial,327298213.0,cfo_minus_capex,174289551.0,short_plus_long,117562794.0,237071955.0,ebit_plus_da,
GASCO.SN,2015,12,non_financial,122590336.0,cfo_minus_capex,127663883.0,short_plus_long,109794346.0,77791804.0,ebit_plus_da,
GASCO.SN,2016,12,non_financial,108416254.0,cfo_minus_capex,123550436.0,short_plus_long,99098222.0,78666315.0,ebit_plus_da,
GASCO.SN,2017,12,non_financial,105517358.0,cfo_minus_capex,122897651.0,short_plus_long,96325597.0,84576504.0,ebit_plus_da,
GASCO.SN,2018,12,non_financial,100731818.0,cfo_minus_capex,130704808.0,short_plus_long,108012166.0,83931753.0,ebit_plus_da,
GASCO.SN,2019,12,non_financial,99862907.0,cfo_minus_capex,101486017.0,short_plus_long,85166409.0,71004688.0,ebit_plus_da,
GASCO.SN,2020,12,non_financial,100812906.0,cfo_minus_capex,93508945.0,short_plus_long,67870262.0,61671002.0,ebit_plus_da,
GASCO.SN,2021,12,non_financial,115068124.0,cfo_minus_capex,60410606.0,short_plus_long,-37812516.0,180249065.0,ebit_plus_da,
GASCO.SN,2022,12,non_financial,91348210.0,cfo_minus_capex,61621942.0,short_plus_long,21261494.0,72715107.0,ebit_plus_da,
GASCO.SN,2023,12,non_financial,123097434.0,cfo_minus_capex,55791079.0,short_plus_long,20339030.0,75049351.0,ebit_plus_da,
GASCO.SN,2024,12,non_financial,160895128.0,cfo_minus_capex,95167790.0,short_plus_long,56616098.0,90514257.0,ebit_plus_da,
GASCO.SN,2025,12,non_financial,158471681.0,cfo_minus_capex,135409737.0,short_plus_long,121377962.0,82368883.0,ebit_plus_da,
HITES.SN,2012,12,non_financial,,missing_cfo,,missing,,,missing,
HITES.SN,2013,12,non_financial,,missing_cfo,,missing,,,missing,
HITES.SN,2014,12,non_financial,,missing_cfo,,missing,,,missing,
HITES.SN,2015,12,non_financial,,missing_cfo,,missing,,,missing,
HITES.SN,2016,12,non_financial,,missing_cfo,,missing,,,missing,
HITES.SN,2017,12,non_financial,,missing_cfo,,missing,,,missing,
HITES.SN,2018,12,non_financial,,missing_cfo,,missing,,,missing,
HITES.SN,2019,12,non_financial,,missing_cfo,,missing,,,missing,
HITES.SN,2020,12,non_financial,,missing_cfo,,missing,,,missing,
HITES.SN,2021,12,non_financial,,missing_cfo,,missing,,,missing,
HITES.SN,2022,12,non_financial,,missing_cfo,,missing,,,missing,
HITES.SN,2023,12,non_financial,,missing_cfo,,missing,,,missing,
HITES.SN,2024,12,non_financial,,missing_cfo,,missing,,,missing,
HITES.SN,2025,12,non_financial,,missing_cfo,,missing,,,missing,
IAM.SN,2012,12,non_financial,300290956000.0,cfo_minus_capex,,missing,,241664853000.0,ebit_plus_da,
IAM.SN,2013,12,non_financial,319416437000.0,cfo_minus_capex,,missing,,247740494000.0,ebit_plus_da,
IAM.SN,2014,12,non_financial,284354734.0,cfo_minus_capex,,missing,,273115810.0,ebit_plus_da,
IAM.SN,2015,12,non_financial,299960247.0,cfo_minus_capex,,missing,,281397959.0,ebit_plus_da,
IAM.SN,2016,12,non_financial,345969816.0,cfo_minus_capex,,missing,,304945013.0,ebit_plus_da,
IAM.SN,2017,12,non_financial,321650610.0,cfo_minus_capex,,missing,,299999340.0,ebit_plus_da,
IAM.SN,2018,12,non_financial,381631433.0,cfo_minus_capex,,missing,,307589026.0,ebit_plus_da,
IAM.SN,2019,12,non_financial,,missing_cfo,,missing,,,missing,
IAM.SN,2020,12,non_financial,,missing_cfo,,missing,,,missing,
IAM.SN,2021,12,non_financial,,missing_cfo,,missing,,,missing,
IAM.SN,2022,12,non_financial,,missing_cfo,,missing,,,missing,
IAM.SN,2023,12,non_financial,,missing_cfo,,missing,,,missing,
IAM.SN,2024,12,non_financial,458339327.0,cfo_minus_capex,,missing,,331116564.0,ebit_plus_da,
IAM.SN,2025,12,non_financial,576722196.0,cfo_minus_capex,,missing,,356387051.0,ebit_plus_da,
ILC.SN,2011,12,non_financial,138187935000.0,cfo_minus_capex,,missing,,,missing,
ILC.SN,2012,12,non_financial,121030044000.0,cfo_minus_capex,,missing,,135683811000.0,ebit_plus_da,
ILC.SN,2013,12,non_financial,169986143000.0,cfo_minus_capex,,missing,,110441320000.0,ebit_plus_da,
ILC.SN,2014,12,non_financial,116802382.0,cfo_minus_capex,,missing,,112502541.0,ebit_plus_da,
ILC.SN,2015,12,non_financial,298865132.0,cfo_minus_capex,,missing,,126194576.0,ebit_plus_da,
ILC.SN,2016,12,non_financial,480053754.0,cfo_minus_capex,,missing,,48814907.0,ebit_plus_da,
ILC.SN,2017,12,non_financial,21730389.0,cfo_minus_capex,,missing,,55886040.0,ebit_plus_da,
ILC.SN,2018,12,non_financial,371666771.0,cfo_minus_capex,,missing,,80060264.0,ebit_plus_da,
ILC.SN,2019,12,non_financial,-242178623.0,cfo_minus_capex,,missing,,50538893.0,ebit_plus_da,
ILC.SN,2020,12,non_financial,-408964106.0,cfo_minus_capex,,missing,,52366948.0,ebit_plus_da,
ILC.SN,2021,12,non_financial,166326368.0,cfo_minus_capex,,missing,,-20862698.0,ebit_plus_da,
ILC.SN,2022,12,non_financial,-221846362.0,cfo_minus_capex,,missing,,71585513.0,ebit_plus_da,
ILC.SN,2023,12,non_financial,312683509.0,cfo_minus_capex,,missing,,126555515.0,ebit_plus_da,
ILC.SN,2024,12,non_financial,-287631005.0,cfo_minus_capex,,missing,,32054009.0,ebit_plus_da,
ILC.SN,2025,12,non_financial,338441087.0,cfo_minus_capex,,missing,,142092813.0,ebit_plus_da,
LIPIGAS.SN,2014,12,non_financial,,missing_cfo,,missing,,,missing,
LIPIGAS.SN,2015,12,non_financial,,missing_cfo,,missing,,,missing,
LIPIGAS.SN,2016,12,non_financial,,missing_cfo,,missing,,,missing,
LIPIGAS.SN,2017,12,non_financial,,missing_cfo,,missing,,,missing,
LIPIGAS.SN,2018,12,non_financial,,missing_cfo,,missing,,,missing,
LIPIGAS.SN,2019,12,non_financial,,missing_cfo,,missing,,,missing,
LIPIGAS.SN,2020,12,non_financial,,missing_cfo,,missing,,,missing,
LIPIGAS.SN,2021,12,non_financial,,missing_cfo,,missing,,,missing,
LIPIGAS.SN,2022,12,non_financial,,missing_cfo,,missing,,,missing,
LIPIGAS.SN,2023,12,non_financial,,missing_cfo,,missing,,,missing,
LIPIGAS.SN,2024,12,non_financial,,missing_cfo,,missing,,,missing,
LIPIGAS.SN,2025,12,non_financial,,missing_cfo,,missing,,,missing,
LTM.SN,2010,12,non_financial,2154495000.0,cfo_minus_capex,,missing,,,missing,
LTM.SN,2011,12,non_financial,2129599000.0,cfo_minus_capex,,missing,,,missing,
LTM.SN,2012,12,non_financial,,missing_cfo,,missing,,,missing,
LTM.SN,2013,12,non_financial,,missing_cfo,,missing,,,missing,
LTM.SN,2014,12,non_financial,,missing_cfo,,missing,,,missing,
LTM.SN,2015,12,non_financial,,missing_cfo,,missing,,,missing,
LTM.SN,2016,12,non_financial,,missing_cfo,,missing,,,missing,
LTM.SN,2017,12,non_financial,,missing_cfo,,missing,,,missing,
LTM.SN,2018,12,non_financial,,missing_cfo,,missing,,,missing,
LTM.SN,2019,12,non_financial,,missing_cfo,,missing,,,missing,
LTM.SN,2020,12,non_financial,,missing_cfo,,missing,,,missing,
LTM.SN,2021,12,non_financial,,missing_cfo,,missing,,,missing,
LTM.SN,2022,12,non_financial,,missing_cfo,,missing,,,missing,
LTM.SN,2023,12,non_financial,,missing_cfo,,missing,,,missing,
LTM.SN,2024,12,non_financial,,missing_cfo,,missing,,,missing,
LTM.SN,2025,12,non_financial,,missing_cfo,,missing,,,missing,
MALLPLAZA.SN,2010,12,non_financial,78430744000.0,cfo_minus_capex,,missing,,,missing,
MALLPLAZA.SN,2011,12,non_financial,118255763000.0,cfo_minus_capex,,missing,,,missing,
MALLPLAZA.SN,2012,12,non_financial,123910717000.0,cfo_minus_capex,236469007000.0,short_plus_long,192317040000.0,141312353000.0,ebit_plus_da,
MALLPLAZA.SN,2013,12,non_financial,162346477000.0,cfo_minus_capex,,missing,,161523265000.0,ebit_plus_da,
MALLPLAZA.SN,2014,12,non_financial,170753407.0,cfo_minus_capex,,missing,,183280534.0,ebit_plus_da,
MALLPLAZA.SN,2015,12,non_financial,205645254.0,cfo_minus_capex,,missing,,201183269.0,ebit_plus_da,
MALLPLAZA.SN,2016,12,non_financial,191135908.0,cfo_minus_capex,,missing,,254293782.0,ebit_plus_da,
MALLPLAZA.SN,2017,12,non_financial,196455677.0,cfo_minus_capex,,missing,,217308377.0,ebit_plus_da,
MALLPLAZA.SN,2018,12,non_financial,207160880.0,cfo_minus_capex,,missing,,247393159.0,ebit_plus_da,
MALLPLAZA.SN,2019,12,non_financial,223280220.0,cfo_minus_capex,,missing,,235233103.0,ebit_plus_da,
MALLPLAZA.SN,2020,12,non_financial,87272289.0,cfo_minus_capex,,missing,,117056168.0,ebit_plus_da,
MALLPLAZA.SN,2021,12,non_financial,220487129.0,cfo_minus_capex,,missing,,196537109.0,ebit_plus_da,
MALLPLAZA.SN,2022,12,non_financial,275893304.0,cfo_minus_capex,,missing,,272832577.0,ebit_plus_da,
MALLPLAZA.SN,2023,12,non_financial,295863959.0,cfo_minus_capex,,missing,,515921650.0,ebit_plus_da,
MALLPLAZA.SN,2024,12,non_financial,301328130.0,cfo_minus_capex,,missing,,537985370.0,ebit_plus_da,
MALLPLAZA.SN,2025,12,non_financial,442375133.0,cfo_minus_capex,,missing,,1971660372.0,ebit_plus_da,
MASISA.SN,2012,12,non_financial,179808000.0,cfo_minus_capex,389218000.0,short_plus_long,258787000.0,155658000.0,ebit_plus_da,
MASISA.SN,2013,12,non_financial,,missing_cfo,,missing,,,missing,
MASISA.SN,2014,12,non_financial,,missing_cfo,,missing,,,missing,
MASISA.SN,2015,12,non_financial,,missing_cfo,,missing,,,missing,
MASISA.SN,2016,12,non_financial,,missing_cfo,,missing,,,missing,
MASISA.SN,2017,12,non_financial,,missing_cfo,,missing,,,missing,
MASISA.SN,2018,12,non_financial,,missing_cfo,,missing,,,missing,
MASISA.SN,2019,12,non_financial,,missing_cfo,,missing,,,missing,
MASISA.SN,2020,12,non_financial,,missing_cfo,,missing,,,missing,
MASISA.SN,2021,12,non_financial,,missing_cfo,,missing,,,missing,
MASISA.SN,2022,12,non_financial,,missing_cfo,,missing,,,missing,
MASISA.SN,2023,12,non_financial,,missing_cfo,,missing,,,missing,
MASISA.SN,2024,12,non_financial,,missing_cfo,,missing,,,missing,
MASISA.SN,2025,12,non_financial,,missing_cfo,,missing,,,missing,
MOLYMET.SN,2012,12,non_financial,258154000.0,cfo_minus_capex,4038000.0,short_plus_long,-231160000.0,144638000.0,ebit_plus_da,
MOLYMET.SN,2013,12,non_financial,149201000.0,cfo_minus_capex,110264000.0,short_plus_long,-63637000.0,111983000.0,ebit_plus_da,
MOLYMET.SN,2014,12,non_financial,114423.0,cfo_minus_capex,197675.0,short_plus_long,-163681.0,158321.0,ebit_plus_da,
MOLYMET.SN,2015,12,non_financial,230216.0,cfo_minus_capex,197402.0,short_plus_long,-127260.0,158060.0,ebit_plus_da,
MOLYMET.SN,2016,12,non_financial,110611.0,cfo_minus_capex,198213.0,short_plus_long,-86332.0,174164.0,ebit_plus_da,
MOLYMET.SN,2017,12,non_financial,153465.0,cfo_minus_capex,198506.0,short_plus_long,-44347.0,167008.0,ebit_plus_da,
MOLYMET.SN,2018,12,non_financial,51585.0,cfo_minus_capex,79358.0,borrowings_total,-113226.0,185600.0,ebit_plus_da,
MOLYMET.SN,2019,12,non_financial,172068.0,cfo_minus_capex,40870.0,borrowings_total,-158954.0,134513.0,ebit_plus_da,
MOLYMET.SN,2020,12,non_financial,161930.0,cfo_minus_capex,708.0,borrowings_total,-210092.0,114153.0,ebit_plus_da,
MOLYMET.SN,2021,12,non_financial,-262572.0,cfo_minus_capex,151883.0,borrowings_total,-3287.0,193202.0,ebit_plus_da,
MOLYMET.SN,2022,12,non_financial,254939.0,cfo_minus_capex,30748.0,borrowings_total,-139487.0,185753.0,ebit_plus_da,
MOLYMET.SN,2023,12,non_financial,156350.0,cfo_minus_capex,1371.0,short_plus_long,-373794.0,104969.0,ebit_plus_da,
MOLYMET.SN,2024,12,non_financial,118156.0,cfo_minus_capex,733.0,short_plus_long,-139218.0,141637.0,ebit_plus_da,
MOLYMET.SN,2025,12,non_financial,1356.0,cfo_minus_capex,191.0,borrowings_total,-73415.0,190147.0,ebit_plus_da,
NTGCLGAS.SN,2016,12,non_financial,102229835.0,cfo_minus_capex,54683290.0,short_plus_long,-66767780.0,109503169.0,ebit_plus_da,
NTGCLGAS.SN,2017,12,non_financial,110709656.0,cfo_minus_capex,44220002.0,short_plus_long,-12660515.0,162352123.0,ebit_plus_da,
NTGCLGAS.SN,2018,12,non_financial,198742194.0,cfo_minus_capex,212640854.0,short_plus_long,193110179.0,160447854.0,ebit_plus_da,
NTGCLGAS.SN,2019,12,non_financial,237497098.0,cfo_minus_capex,274557002.0,short_plus_long,222928275.0,187094628.0,ebit_plus_da,
NTGCLGAS.SN,2020,12,non_financial,230792678.0,cfo_minus_capex,298497130.0,short_plus_long,176566118.0,199264915.0,ebit_plus_da,
NTGCLGAS.SN,2021,12,non_financial,174710777.0,cfo_minus_capex,317726096.0,short_plus_long,213224763.0,184122673.0,ebit_plus_da,
NTGCLGAS.SN,2022,12,non_financial,268508692.0,cfo_minus_capex,337886039.0,short_plus_long,150152014.0,45335194.0,ebit_plus_da,
NTGCLGAS.SN,2023,12,non_financial,334933961.0,cfo_minus_capex,292293739.0,short_plus_long,61004473.0,296680222.0,ebit_plus_da,
NTGCLGAS.SN,2024,12,non_financial,359166786.0,cfo_minus_capex,290316962.0,short_plus_long,63586315.0,499283546.0,ebit_plus_da,
NTGCLGAS.SN,2025,12,non_financial,272177241.0,cfo_minus_capex,284472273.0,short_plus_long,109519536.0,348881573.0,ebit_plus_da,
PARAUCO.SN,2011,12,non_financial,103244395000.0,cfo_minus_capex,,missing,,,missing,
PARAUCO.SN,2012,12,non_financial,61007408000.0,cfo_minus_capex,363712323000.0,short_plus_long,259422572000.0,68374349000.0,ebit_plus_da,
PARAUCO.SN,2013,12,non_financial,63139707000.0,cfo_minus_capex,,missing,,68062625000.0,ebit_plus_da,
PARAUCO.SN,2014,12,non_financial,81823809.0,cfo_minus_capex,,missing,,84093436.0,ebit_plus_da,
PARAUCO.SN,2015,12,non_financial,76959872.0,cfo_minus_capex,,missing,,96388788.0,ebit_plus_da,
PARAUCO.SN,2016,12,non_financial,98396880.0,cfo_minus_capex,,missing,,106595927.0,ebit_plus_da,
PARAUCO.SN,2017,12,non_financial,117489822.0,cfo_minus_capex,,missing,,126671748.0,ebit_plus_da,
PARAUCO.SN,2018,12,non_financial,138557349.0,cfo_minus_capex,,missing,,160342710.0,ebit_plus_da,
PARAUCO.SN,2019,12,non_financial,148639269.0,cfo_minus_capex,,missing,,188699602.0,ebit_plus_da,
PARAUCO.SN,2020,12,non_financial,70159436.0,cfo_minus_capex,,missing,,80062661.0,ebit_plus_da,
PARAUCO.SN,2021,12,non_financial,129047812.0,cfo_minus_capex,,missing,,153855256.0,ebit_plus_da,
PARAUCO.SN,2022,12,non_financial,169342762.0,cfo_minus_capex,,missing,,276760484.0,ebit_plus_da,
PARAUCO.SN,2023,12,non_financial,185886580.0,cfo_minus_capex,,missing,,233942894.0,ebit_plus_da,
PARAUCO.SN,2024,12,non_financial,224315529.0,cfo_minus_capex,,missing,,277625193.0,ebit_plus_da,
PARAUCO.SN,2025,12,non_financial,283595621.0,cfo_minus_capex,,missing,,333087721.0,ebit_plus_da,
PAZ.SN,2012,12,non_financial,24024876000.0,cfo_minus_capex,102168972000.0,short_plus_long,76857933000.0,13083296000.0,ebit_plus_da,
PAZ.SN,2013,12,non_financial,-6787737000.0,cfo_minus_capex,94390956000.0,short_plus_long,70922858000.0,11834116000.0,ebit_plus_da,
PAZ.SN,2014,12,non_financial,-20973264.0,cfo_minus_capex,130412269.0,short_plus_long,94819587.0,26611918.0,ebit_plus_da,
PAZ.SN,2015,12,non_financial,1576878.0,cfo_minus_capex,150478861.0,short_plus_long,112297088.0,53271963.0,ebit_plus_da,
PAZ.SN,2016,12,non_financial,-29761428.0,cfo_minus_capex,187330246.0,short_plus_long,164060420.0,24701692.0,ebit_plus_da,
PAZ.SN,2017,12,non_financial,5166359.0,cfo_minus_capex,88765766.0,borrowings_total,65965882.0,33748901.0,ebit_plus_da,
PAZ.SN,2018,12,non_financial,10819951.0,cfo_minus_capex,95095132.0,borrowings_total,69325081.0,32428374.0,ebit_plus_da,
PAZ.SN,2019,12,non_financial,-20753398.0,cfo_minus_capex,271578285.0,short_plus_long,225043465.0,37554450.0,ebit_plus_da,
PAZ.SN,2020,12,non_financial,-10009166.0,cfo_minus_capex,320635097.0,short_plus_long,260825674.0,11603819.0,ebit_plus_da,
PAZ.SN,2021,12,non_financial,-40982874.0,cfo_minus_capex,330752884.0,short_plus_long,296679266.0,25540305.0,ebit_plus_da,
PAZ.SN,2022,12,non_financial,-3828885.0,cfo_minus_capex,353157249.0,short_plus_long,329267057.0,42586394.0,ebit_plus_da,
PAZ.SN,2023,12,non_financial,12687854.0,cfo_minus_capex,393366442.0,short_plus_long,376696133.0,27864059.0,ebit_plus_da,
PAZ.SN,2024,12,non_financial,-29192891.0,cfo_minus_capex,444024443.0,short_plus_long,424605968.0,21793998.0,ebit_plus_da,
PAZ.SN,2025,12,non_financial,106277940.0,cfo_minus_capex,365752122.0,short_plus_long,323269024.0,31615660.0,ebit_plus_da,
QUINENCO.SN,2012,12,non_financial,-1040244522000.0,cfo_minus_capex,257635880000.0,short_plus_long,3506132000.0,83056578000.0,ebit_plus_da,
QUINENCO.SN,2013,12,non_financial,-118013778000.0,cfo_minus_capex,301017155000.0,short_plus_long,-85193478000.0,99057066000.0,ebit_plus_da,
QUINENCO.SN,2014,12,non_financial,-74647589.0,cfo_minus_capex,225560660.0,short_plus_long,28590100.0,606800120.0,ebit_plus_da,
QUINENCO.SN,2015,12,non_financial,-883226726.0,cfo_minus_capex,179223663.0,short_plus_long,52092644.0,51756064.0,ebit_plus_da,
QUINENCO.SN,2016,12,non_financial,-11744711.0,cfo_minus_capex,259242708.0,short_plus_long,-201362768.0,123153581.0,ebit_plus_da,
QUINENCO.SN,2017,12,non_financial,1268059894.0,cfo_minus_capex,245360098.0,short_plus_long,-27853763.0,149613971.0,ebit_plus_da,
QUINENCO.SN,2018,12,non_financial,-334488274.0,cfo_minus_capex,375902670.0,short_plus_long,80505774.0,137365557.0,ebit_plus_da,
QUINENCO.SN,2019,12,non_financial,1425797552.0,cfo_minus_capex,,missing,,205163188.0,ebit_plus_da,
QUINENCO.SN,2020,12,non_financial,2672941798.0,cfo_minus_capex,,missing,,223826496.0,ebit_plus_da,
QUINENCO.SN,2021,12,non_financial,4310108932.0,cfo_minus_capex,,missing,,291343768.0,ebit_plus_da,
QUINENCO.SN,2022,12,non_financial,775064052.0,cfo_minus_capex,,missing,,223843496.0,ebit_plus_da,
QUINENCO.SN,2023,12,non_financial,1018967029.0,cfo_minus_capex,,missing,,334562758.0,ebit_plus_da,
QUINENCO.SN,2024,12,non_financial,-1692529302.0,cfo_minus_capex,,missing,,333685553.0,ebit_plus_da,
QUINENCO.SN,2025,12,non_financial,2739538432.0,cfo_minus_capex,,missing,,485092769.0,ebit_plus_da,
RIPLEY.SN,2010,12,non_financial,67123205000.0,cfo_minus_capex,,missing,,,missing,
RIPLEY.SN,2011,12,non_financial,113348537000.0,cfo_minus_capex,,missing,,,missing,
RIPLEY.SN,2012,12,non_financial,126710811000.0,cfo_minus_capex,196657205000.0,short_plus_long,109523439000.0,63088433000.0,ebit_plus_da,
RIPLEY.SN,2013,12,non_financial,121758521000.0,cfo_minus_capex,309958878000.0,short_plus_long,156705050000.0,96505962000.0,ebit_plus_da,
RIPLEY.SN,2014,12,non_financial,143816754.0,cfo_minus_capex,266329924.0,short_plus_long,72144824.0,92285283.0,ebit_plus_da,
RIPLEY.SN,2015,12,non_financial,59017729.0,cfo_minus_capex,277883085.0,short_plus_long,97942175.0,94066357.0,ebit_plus_da,
RIPLEY.SN,2016,12,non_financial,88882346.0,cfo_minus_capex,211865995.0,short_plus_long,79945835.0,122866053.0,ebit_plus_da,
RIPLEY.SN,2017,12,non_financial,127904218.0,cfo_minus_capex,152099834.0,short_plus_long,6456673.0,123246272.0,ebit_plus_da,
RIPLEY.SN,2018,12,non_financial,111637771.0,cfo_minus_capex,156052833.0,short_plus_long,-15019566.0,122858902.0,ebit_plus_da,
RIPLEY.SN,2019,12,non_financial,146213427.0,cfo_minus_capex,65087602.0,short_plus_long,-225617802.0,199124507.0,ebit_plus_da,
RIPLEY.SN,2020,12,non_financial,292080356.0,cfo_minus_capex,239205968.0,short_plus_long,-420231686.0,31029238.0,ebit_plus_da,
RIPLEY.SN,2021,12,non_financial,65876916.0,cfo_minus_capex,121757481.0,short_plus_long,-335740891.0,208306921.0,ebit_plus_da,
RIPLEY.SN,2022,12,non_financial,3882808.0,cfo_minus_capex,132058167.0,short_plus_long,-192079620.0,92633880.0,ebit_plus_da,
RIPLEY.SN,2023,12,non_financial,88081270.0,cfo_minus_capex,87722817.0,borrowings_total,-199709484.0,19428216.0,ebit_plus_da,
RIPLEY.SN,2024,12,non_financial,51268072.0,cfo_minus_capex,60271110.0,short_plus_long,-211727274.0,177465504.0,ebit_plus_da,
RIPLEY.SN,2025,12,non_financial,173834155.0,cfo_minus_capex,35051217.0,short_plus_long,-202087639.0,230883725.0,ebit_plus_da,
SALFACORP.SN,2012,12,non_financial,-121750766000.0,cfo_minus_capex,,missing,,59713595000.0,ebit_plus_da,
SALFACORP.SN,2013,12,non_financial,3295059000.0,cfo_minus_capex,,missing,,62469694000.0,ebit_plus_da,
SALFACORP.SN,2014,12,non_financial,66172830.0,cfo_minus_capex,,missing,,70849364.0,ebit_plus_da,
SALFACORP.SN,2015,12,non_financial,82766914.0,cfo_minus_capex,,missing,,52615411.0,ebit_plus_da,
SALFACORP.SN,2016,12,non_financial,-18249975.0,cfo_minus_capex,,missing,,45467294.0,ebit_plus_da,
SALFACORP.SN,2017,12,non_financial,67501604.0,cfo_minus_capex,,missing,,40603105.0,ebit_plus_da,
SALFACORP.SN,2018,12,non_financial,14863765.0,cfo_minus_capex,,missing,,36813325.0,ebit_plus_da,
SALFACORP.SN,2019,12,non_financial,66767591.0,cfo_minus_capex,,missing,,36320813.0,ebit_plus_da,
SALFACORP.SN,2020,12,non_financial,51922160.0,cfo_minus_capex,,missing,,22243874.0,ebit_plus_da,
SALFACORP.SN,2021,12,non_financial,117036979.0,cfo_minus_capex,,missing,,50152953.0,ebit_plus_da,
SALFACORP.SN,2022,12,non_financial,71689725.0,cfo_minus_capex,,missing,,69868055.0,ebit_plus_da,
SALFACORP.SN,2023,12,non_financial,69415884.0,cfo_minus_capex,,missing,,97706035.0,ebit_plus_da,
SALFACORP.SN,2024,12,non_financial,33475672.0,cfo_minus_capex,,missing,,83321139.0,ebit_plus_da,
SALFACORP.SN,2025,12,non_financial,33371523.0,cfo_minus_capex,,missing,,73861225.0,ebit_plus_da,
SMU.SN,2011,12,non_financial,59413779000.0,cfo_minus_capex,,missing,,,missing,
SMU.SN,2012,12,non_financial,256889960000.0,cfo_minus_capex,,missing,,76840404000.0,ebit_plus_da,
SMU.SN,2013,12,non_financial,-179527618000.0,cfo_minus_capex,,missing,,-391324799000.0,ebit_plus_da,
SMU.SN,2014,12,non_financial,79283297.0,cfo_minus_capex,,missing,,41136612.0,ebit_plus_da,
SMU.SN,2015,12,non_financial,95171486.0,cfo_minus_capex,,missing,,124180169.0,ebit_plus_da,
SMU.SN,2016,12,non_financial,135751233.0,cfo_minus_capex,,missing,,133328397.0,ebit_plus_da,
SMU.SN,2017,12,non_financial,104677819.0,cfo_minus_capex,,missing,,145410453.0,ebit_plus_da,
SMU.SN,2018,12,non_financial,162311253.0,cfo_minus_capex,,missing,,141850253.0,ebit_plus_da,
SMU.SN,2019,12,non_financial,180588527.0,cfo_minus_capex,,missing,,189567690.0,ebit_plus_da,
SMU.SN,2020,12,non_financial,203976146.0,cfo_minus_capex,,missing,,176848344.0,ebit_plus_da,
SMU.SN,2021,12,non_financial,275764366.0,cfo_minus_capex,,missing,,211063207.0,ebit_plus_da,
SMU.SN,2022,12,non_financial,316839991.0,cfo_minus_capex,,missing,,281758763.0,ebit_plus_da,
SMU.SN,2023,12,non_financial,374069458.0,cfo_minus_capex,,missing,,267493483.0,ebit_plus_da,
SMU.SN,2024,12,non_financial,317481440.0,cfo_minus_capex,,missing,,231607249.0,ebit_plus_da,
SMU.SN,2025,12,non_financial,369772691.0,cfo_minus_capex,,missing,,265528238.0,ebit_plus_da,
SOCOVESA.SN,2012,12,non_financial,-83651184000.0,cfo_minus_capex,,missing,,35768447000.0,ebit_plus_da,
SOCOVESA.SN,2013,12,non_financial,-53885470000.0,cfo_minus_capex,,missing,,37785242000.0,ebit_plus_da,
SOCOVESA.SN,2014,12,non_financial,49712382.0,cfo_minus_capex,,missing,,60449888.0,ebit_plus_da,
SOCOVESA.SN,2015,12,non_financial,73958810.0,cfo_minus_capex,,missing,,54590283.0,ebit_plus_da,
SOCOVESA.SN,2016,12,non_financial,172110.0,cfo_minus_capex,,missing,,65450819.0,ebit_plus_da,
SOCOVESA.SN,2017,12,non_financial,16166716.0,cfo_minus_capex,,missing,,64886851.0,ebit_plus_da,
SOCOVESA.SN,2018,12,non_financial,-72019852.0,cfo_minus_capex,,missing,,57111151.0,ebit_plus_da,
SOCOVESA.SN,2019,12,non_financial,-64379473.0,cfo_minus_capex,,missing,,46374846.0,ebit_plus_da,
SOCOVESA.SN,2020,12,non_financial,49388932.0,cfo_minus_capex,,missing,,35872799.0,ebit_plus_da,
SOCOVESA.SN,2021,12,non_financial,57855426.0,cfo_minus_capex,,missing,,52846388.0,ebit_plus_da,
SOCOVESA.SN,2022,12,non_financial,-135933253.0,cfo_minus_capex,,missing,,17705574.0,ebit_plus_da,
SOCOVESA.SN,2023,12,non_financial,-116427950.0,cfo_minus_capex,,missing,,17657706.0,ebit_plus_da,
SOCOVESA.SN,2024,12,non_financial,130470786.0,cfo_minus_capex,,missing,,36010411.0,ebit_plus_da,
SOCOVESA.SN,2025,12,non_financial,128592694.0,cfo_minus_capex,,missing,,25161876.0,ebit_plus_da,
SOQUICOM.SN,2010,12,non_financial,6784000.0,cfo_minus_capex,,missing,,,missing,
SOQUICOM.SN,2011,12,non_financial,23854000.0,cfo_minus_capex,,missing,,,missing,
SOQUICOM.SN,2012,12,non_financial,-1132000.0,cfo_minus_capex,,missing,,15202000.0,ebit_plus_da,
SOQUICOM.SN,2013,12,non_financial,4596000.0,cfo_minus_capex,,missing,,16400000.0,ebit_plus_da,
SOQUICOM.SN,2014,12,non_financial,5579.0,cfo_minus_capex,,missing,,18356.0,ebit_plus_da,
SOQUICOM.SN,2015,12,non_financial,9079.0,cfo_minus_capex,,missing,,9720.0,ebit_plus_da,
SOQUICOM.SN,2016,12,non_financial,63307.0,cfo_minus_capex,,missing,,9325.0,ebit_plus_da,
SOQUICOM.SN,2017,12,non_financial,17699.0,cfo_minus_capex,,missing,,2242.0,ebit_plus_da,
SOQUICOM.SN,2018,12,non_financial,20779.0,cfo_minus_capex,,missing,,6684.0,ebit_plus_da,
SOQUICOM.SN,2019,12,non_financial,21642.0,cfo_minus_capex,,missing,,9437.0,ebit_plus_da,
SOQUICOM.SN,2020,12,non_financial,30411.0,cfo_minus_capex,,missing,,12341.0,ebit_plus_da,
SOQUICOM.SN,2021,12,non_financial,16764.0,cfo_minus_capex,,missing,,23636.0,ebit_plus_da,
SOQUICOM.SN,2022,12,non_financial,-4858.0,cfo_minus_capex,,missing,,23473.0,ebit_plus_da,
SOQUICOM.SN,2023,12,non_financial,18968.0,cfo_minus_capex,,missing,,14909.0,ebit_plus_da,
SOQUICOM.SN,2024,12,non_financial,12252.0,cfo_minus_capex,,missing,,13598.0,ebit_plus_da,
SOQUICOM.SN,2025,12,non_financial,-8448.0,cfo_minus_capex,,missing,,11309.0,ebit_plus_da,
SQM-A.SN,2011,12,non_financial,1072463000.0,cfo_minus_capex,,missing,,,missing,
SQM-A.SN,2012,12,non_financial,1096190000.0,cfo_minus_capex,501492000.0,short_plus_long,177139000.0,1097066000.0,ebit_plus_da,
SQM-A.SN,2013,12,non_financial,,missing_cfo,,missing,,,missing,
SQM-A.SN,2014,12,non_financial,,missing_cfo,,missing,,,missing,
SQM-A.SN,2015,12,non_financial,,missing_cfo,,missing,,,missing,
SQM-A.SN,2016,12,non_financial,,missing_cfo,,missing,,,missing,
SQM-A.SN,2017,12,non_financial,,missing_cfo,,missing,,,missing,
SQM-A.SN,2018,12,non_financial,,missing_cfo,,missing,,,missing,
SQM-A.SN,2019,12,non_financial,,missing_cfo,,missing,,,missing,
SQM-A.SN,2020,12,non_financial,,missing_cfo,,missing,,,missing,
SQM-A.SN,2021,12,non_financial,,missing_cfo,,missing,,,missing,
SQM-A.SN,2022,12,non_financial,,missing_cfo,,missing,,,missing,
SQM-A.SN,2023,12,non_financial,,missing_cfo,,missing,,,missing,
SQM-A.SN,2024,12,non_financial,,missing_cfo,,missing,,,missing,
SQM-A.SN,2025,12,non_financial,,missing_cfo,,missing,,,missing,
VAPORES.SN,2010,12,non_financial,204437000.0,cfo_minus_capex,,missing,,,missing,
VAPORES.SN,2012,12,non_financial,-246432000.0,cfo_minus_capex,871474000.0,short_plus_long,659474000.0,-131865000.0,ebit_plus_da,
VAPORES.SN,2013,12,non_financial,-136260000.0,cfo_minus_capex,636699000.0,short_plus_long,435040000.0,-157506000.0,ebit_plus_da,
VAPORES.SN,2014,12,non_financial,-161060.0,cfo_minus_capex,129664.0,short_plus_long,83997.0,825891.0,ebit_plus_da,
VAPORES.SN,2015,12,non_financial,,missing_cfo,,missing,,,missing,
VAPORES.SN,2016,12,non_financial,,missing_cfo,,missing,,,missing,
VAPORES.SN,2017,12,non_financial,,missing_cfo,,missing,,,missing,
VAPORES.SN,2018,12,non_financial,,missing_cfo,,missing,,,missing,
VAPORES.SN,2019,12,non_financial,,missing_cfo,,missing,,,missing,
VAPORES.SN,2020,12,non_financial,,missing_cfo,,missing,,,missing,
VAPORES.SN,2021,12,non_financial,,missing_cfo,,missing,,,missing,
VAPORES.SN,2022,12,non_financial,,missing_cfo,,missing,,,missing,
VAPORES.SN,2023,12,non_financial,,missing_cfo,,missing,,,missing,
VAPORES.SN,2024,12,non_financial,,missing_cfo,,missing,,,missing,
VAPORES.SN,2025,12,non_financial,,missing_cfo,,missing,,,missing,
