ticker,year,month,industry,operating_expenses_quality,debt_quality,fcf_quality,has_revenue,has_assets,has_equity,has_operating_cf,data_completeness_pct
AAISA.SN,2022,12,non_financial,partial,poor,high,True,True,True,True,100.0
AAISA.SN,2023,12,non_financial,partial,poor,high,True,True,True,True,100.0
AAISA.SN,2024,12,non_financial,partial,poor,high,True,True,True,True,100.0
AAISA.SN,2025,12,non_financial,partial,poor,high,True,True,True,True,100.0
AGUAS-A.SN,2012,12,non_financial,poor,poor,high,True,True,True,True,100.0
AGUAS-A.SN,2013,12,non_financial,poor,poor,high,True,True,True,True,100.0
AGUAS-A.SN,2014,12,non_financial,poor,poor,high,True,True,True,True,100.0
AGUAS-A.SN,2015,12,non_financial,poor,poor,high,True,True,True,True,100.0
AGUAS-A.SN,2016,12,non_financial,poor,poor,high,True,True,True,True,100.0
AGUAS-A.SN,2017,12,non_financial,poor,poor,high,True,True,True,True,100.0
AGUAS-A.SN,2018,12,non_financial,poor,poor,high,True,True,True,True,100.0
AGUAS-A.SN,2019,12,non_financial,poor,poor,low,False,False,False,False,0.0
AGUAS-A.SN,2020,12,non_financial,poor,poor,low,False,False,False,False,0.0
AGUAS-A.SN,2021,12,non_financial,poor,poor,low,False,False,False,False,0.0
AGUAS-A.SN,2022,12,non_financial,poor,poor,low,False,False,False,False,0.0
AGUAS-A.SN,2023,12,non_financial,poor,poor,low,False,False,False,False,0.0
AGUAS-A.SN,2024,12,non_financial,poor,poor,high,True,True,True,True,100.0
AGUAS-A.SN,2025,12,non_financial,poor,poor,high,True,True,True,True,100.0
ANDINA-A.SN,2010,12,non_financial,full,poor,high,True,True,True,True,100.0
ANDINA-A.SN,2011,12,non_financial,full,poor,high,True,True,True,True,100.0
ANDINA-A.SN,2012,12,non_financial,poor,poor,low,False,False,False,False,0.0
ANDINA-A.SN,2013,12,non_financial,poor,poor,low,False,False,False,False,0.0
ANDINA-A.SN,2014,12,non_financial,poor,poor,low,False,False,False,False,0.0
ANDINA-A.SN,2015,12,non_financial,poor,poor,low,False,False,False,False,0.0
ANDINA-A.SN,2016,12,non_financial,poor,poor,low,False,False,False,False,0.0
ANDINA-A.SN,2017,12,non_financial,poor,poor,low,False,False,False,False,0.0
ANDINA-A.SN,2018,12,non_financial,poor,poor,low,False,False,False,False,0.0
ANDINA-A.SN,2019,12,non_financial,poor,poor,low,False,False,False,False,0.0
ANDINA-A.SN,2020,12,non_financial,poor,poor,low,False,False,False,False,0.0
ANDINA-A.SN,2021,12,non_financial,poor,poor,low,False,False,False,False,0.0
ANDINA-A.SN,2022,12,non_financial,poor,poor,low,False,False,False,False,0.0
ANDINA-A.SN,2023,12,non_financial,poor,poor,low,False,False,False,False,0.0
ANDINA-A.SN,2024,12,non_financial,poor,poor,low,False,False,False,False,0.0
ANDINA-A.SN,2025,12,non_financial,poor,poor,low,False,False,False,False,0.0
ANTARCHILE.SN,2012,12,non_financial,full,reliable,high,True,True,True,True,100.0
ANTARCHILE.SN,2013,12,non_financial,full,proxy,high,True,True,True,True,100.0
ANTARCHILE.SN,2014,12,non_financial,full,poor,high,True,True,True,True,100.0
ANTARCHILE.SN,2015,12,non_financial,full,poor,high,True,True,True,True,100.0
ANTARCHILE.SN,2016,12,non_financial,full,poor,high,True,True,True,True,100.0
ANTARCHILE.SN,2017,12,non_financial,full,poor,high,True,True,True,True,100.0
ANTARCHILE.SN,2018,12,non_financial,full,poor,high,True,True,True,True,100.0
ANTARCHILE.SN,2019,12,non_financial,full,poor,high,True,True,True,True,100.0
ANTARCHILE.SN,2020,12,non_financial,full,poor,high,True,True,True,True,100.0
ANTARCHILE.SN,2021,12,non_financial,full,poor,high,True,True,True,True,100.0
ANTARCHILE.SN,2022,12,non_financial,full,poor,high,True,True,True,True,100.0
ANTARCHILE.SN,2023,12,non_financial,full,poor,high,True,True,True,True,100.0
ANTARCHILE.SN,2024,12,non_financial,poor,poor,low,False,False,False,False,0.0
ANTARCHILE.SN,2025,12,non_financial,poor,poor,low,False,False,False,False,0.0
BESALCO.SN,2012,12,non_financial,partial,reliable,high,True,True,True,True,100.0
BESALCO.SN,2013,12,non_financial,partial,reliable,high,True,True,True,True,100.0
BESALCO.SN,2014,12,non_financial,partial,reliable,high,True,True,True,True,100.0
BESALCO.SN,2015,12,non_financial,partial,reliable,high,True,True,True,True,100.0
BESALCO.SN,2016,12,non_financial,partial,reliable,high,True,True,True,True,100.0
BESALCO.SN,2017,12,non_financial,partial,reliable,high,True,True,True,True,100.0
BESALCO.SN,2018,12,non_financial,partial,reliable,high,True,True,True,True,100.0
BESALCO.SN,2019,12,non_financial,partial,reliable,high,True,True,True,True,100.0
BESALCO.SN,2020,12,non_financial,partial,reliable,high,True,True,True,True,100.0
BESALCO.SN,2021,12,non_financial,partial,poor,high,True,True,True,True,100.0
BESALCO.SN,2022,12,non_financial,partial,poor,high,True,True,True,True,100.0
BESALCO.SN,2023,12,non_financial,partial,poor,high,True,True,True,True,100.0
BESALCO.SN,2024,12,non_financial,partial,poor,high,True,True,True,True,100.0
BESALCO.SN,2025,12,non_financial,partial,poor,high,True,True,True,True,100.0
BICE.SN,2011,12,financial,partial,not_applicable,high,True,True,True,True,100.0
BICE.SN,2012,12,financial,partial,not_applicable,high,True,True,True,True,100.0
BICE.SN,2013,12,financial,partial,not_applicable,high,True,True,True,True,100.0
BICE.SN,2014,12,financial,partial,not_applicable,high,True,True,True,True,100.0
BICE.SN,2015,12,financial,partial,not_applicable,high,True,True,True,True,100.0
BICE.SN,2016,12,financial,partial,not_applicable,high,True,True,True,True,100.0
BICE.SN,2017,12,financial,partial,not_applicable,high,True,True,True,True,100.0
BICE.SN,2018,12,financial,partial,not_applicable,high,True,True,True,True,100.0
BICE.SN,2019,12,financial,partial,not_applicable,high,True,True,True,True,100.0
BICE.SN,2020,12,financial,partial,not_applicable,high,True,True,True,True,100.0
BICE.SN,2021,12,financial,partial,not_applicable,high,True,True,True,True,100.0
BICE.SN,2022,12,financial,partial,not_applicable,high,True,True,True,True,100.0
BICE.SN,2023,12,financial,partial,not_applicable,high,True,True,True,True,100.0
BICE.SN,2024,12,financial,partial,not_applicable,high,True,True,True,True,100.0
BICE.SN,2025,12,financial,partial,not_applicable,high,True,True,True,True,100.0
CAMANCHACA.SN,2012,12,non_financial,full,poor,high,True,True,True,True,100.0
CAMANCHACA.SN,2013,12,non_financial,full,poor,high,True,True,True,True,100.0
CAMANCHACA.SN,2014,12,non_financial,full,poor,high,True,True,True,True,100.0
CAMANCHACA.SN,2015,12,non_financial,full,poor,high,True,True,True,True,100.0
CAMANCHACA.SN,2016,12,non_financial,full,poor,high,True,True,True,True,100.0
CAMANCHACA.SN,2017,12,non_financial,full,poor,high,True,True,True,True,100.0
CAMANCHACA.SN,2018,12,non_financial,full,poor,high,True,True,True,True,100.0
CAMANCHACA.SN,2019,12,non_financial,full,poor,high,True,True,True,True,100.0
CAMANCHACA.SN,2020,12,non_financial,full,poor,high,True,True,True,True,100.0
CAMANCHACA.SN,2021,12,non_financial,full,proxy,high,True,True,True,True,100.0
CAMANCHACA.SN,2022,12,non_financial,full,proxy,high,True,True,True,True,100.0
CAMANCHACA.SN,2023,12,non_financial,full,proxy,high,True,True,True,True,100.0
CAMANCHACA.SN,2024,12,non_financial,full,proxy,high,True,True,True,True,100.0
CAMANCHACA.SN,2025,12,non_financial,full,proxy,high,True,True,True,True,100.0
CAP.SN,2012,12,non_financial,full,reliable,high,True,True,True,True,100.0
CAP.SN,2013,12,non_financial,full,reliable,high,True,True,True,True,100.0
CAP.SN,2014,12,non_financial,full,reliable,high,True,True,True,True,100.0
CAP.SN,2015,12,non_financial,full,reliable,high,True,True,True,True,100.0
CAP.SN,2016,12,non_financial,full,reliable,high,True,True,True,True,100.0
CAP.SN,2017,12,non_financial,full,reliable,high,True,True,True,True,100.0
CAP.SN,2018,12,non_financial,full,reliable,high,True,True,True,True,100.0
CAP.SN,2019,12,non_financial,full,reliable,high,True,True,True,True,100.0
CAP.SN,2020,12,non_financial,full,reliable,high,True,True,True,True,100.0
CAP.SN,2021,12,non_financial,full,reliable,high,True,True,True,True,100.0
CAP.SN,2022,12,non_financial,full,reliable,high,True,True,True,True,100.0
CAP.SN,2023,12,non_financial,full,reliable,high,True,True,True,True,100.0
CAP.SN,2024,12,non_financial,full,reliable,high,True,True,True,True,100.0
CAP.SN,2025,12,non_financial,full,reliable,high,True,True,True,True,100.0
CCU.SN,2012,12,non_financial,full,reliable,high,True,True,True,True,100.0
CCU.SN,2013,12,non_financial,full,reliable,high,True,True,True,True,100.0
CCU.SN,2014,12,non_financial,full,reliable,high,True,True,True,True,100.0
CCU.SN,2015,12,non_financial,full,reliable,high,True,True,True,True,100.0
CCU.SN,2016,12,non_financial,full,reliable,high,True,True,True,True,100.0
CCU.SN,2017,12,non_financial,full,reliable,high,True,True,True,True,100.0
CCU.SN,2018,12,non_financial,poor,poor,low,False,False,False,False,0.0
CCU.SN,2019,12,non_financial,poor,poor,low,False,False,False,False,0.0
CCU.SN,2020,12,non_financial,poor,poor,low,False,False,False,False,0.0
CCU.SN,2021,12,non_financial,poor,poor,low,False,False,False,False,0.0
CCU.SN,2022,12,non_financial,poor,poor,low,False,False,False,False,0.0
CCU.SN,2023,12,non_financial,poor,poor,low,False,False,False,False,0.0
CCU.SN,2024,12,non_financial,poor,poor,low,False,False,False,False,0.0
CCU.SN,2025,12,non_financial,poor,poor,low,False,False,False,False,0.0
CENCOMALLS.SN,2019,12,non_financial,partial,poor,high,True,True,True,True,100.0
CENCOMALLS.SN,2020,12,non_financial,partial,poor,medium,True,True,True,True,100.0
CENCOMALLS.SN,2021,12,non_financial,partial,poor,high,True,True,True,True,100.0
CENCOMALLS.SN,2022,12,non_financial,partial,poor,high,True,True,True,True,100.0
CENCOMALLS.SN,2023,12,non_financial,partial,poor,high,True,True,True,True,100.0
CENCOMALLS.SN,2024,12,non_financial,partial,poor,high,True,True,True,True,100.0
CENCOMALLS.SN,2025,12,non_financial,partial,poor,high,True,True,True,True,100.0
CENCOSUD.SN,2012,12,non_financial,full,reliable,high,True,True,True,True,100.0
CENCOSUD.SN,2013,12,non_financial,full,proxy,high,True,True,True,True,100.0
CENCOSUD.SN,2014,12,non_financial,full,proxy,high,True,True,True,True,100.0
CENCOSUD.SN,2015,12,non_financial,full,proxy,high,True,True,True,True,100.0
CENCOSUD.SN,2016,12,non_financial,full,proxy,high,True,True,True,True,100.0
CENCOSUD.SN,2017,12,non_financial,full,proxy,high,True,True,True,True,100.0
CENCOSUD.SN,2018,12,non_financial,full,proxy,high,True,True,True,True,100.0
CENCOSUD.SN,2019,12,non_financial,full,proxy,high,True,True,True,True,100.0
CENCOSUD.SN,2020,12,non_financial,full,proxy,high,True,True,True,True,100.0
CENCOSUD.SN,2021,12,non_financial,full,proxy,high,True,True,True,True,100.0
CENCOSUD.SN,2022,12,non_financial,full,proxy,high,True,True,True,True,100.0
CENCOSUD.SN,2023,12,non_financial,full,reliable,high,True,True,True,True,100.0
CENCOSUD.SN,2024,12,non_financial,full,reliable,high,True,True,True,True,100.0
CENCOSUD.SN,2025,12,non_financial,full,reliable,high,True,True,True,True,100.0
CHILE.SN,2010,12,financial,full,not_applicable,high,True,True,True,True,100.0
CHILE.SN,2011,12,financial,full,not_applicable,high,True,True,True,True,100.0
CHILE.SN,2012,12,financial,full,not_applicable,high,True,True,True,True,100.0
CHILE.SN,2013,12,financial,full,not_applicable,high,True,True,True,True,100.0
CHILE.SN,2014,12,financial,full,not_applicable,high,True,True,True,True,100.0
CHILE.SN,2015,12,financial,full,not_applicable,high,True,True,True,True,100.0
CHILE.SN,2016,12,financial,full,not_applicable,high,True,True,True,True,100.0
CHILE.SN,2017,12,financial,full,not_applicable,high,True,True,True,True,100.0
CHILE.SN,2018,12,financial,full,not_applicable,high,True,True,True,True,100.0
CHILE.SN,2019,12,financial,full,not_applicable,high,True,True,True,True,100.0
CHILE.SN,2020,12,financial,full,not_applicable,high,True,True,True,True,100.0
CHILE.SN,2021,12,financial,full,not_applicable,high,True,True,True,True,100.0
CHILE.SN,2022,12,financial,full,not_applicable,high,True,True,True,True,100.0
CHILE.SN,2023,12,financial,full,not_applicable,high,True,True,True,True,100.0
CHILE.SN,2024,12,financial,full,not_applicable,high,True,True,True,True,100.0
CHILE.SN,2025,12,financial,full,not_applicable,high,True,True,True,True,100.0
CMPC.SN,2012,12,non_financial,full,reliable,high,True,True,True,True,100.0
CMPC.SN,2013,12,non_financial,full,reliable,high,True,True,True,True,100.0
CMPC.SN,2014,12,non_financial,full,reliable,high,True,True,True,True,100.0
CMPC.SN,2015,12,non_financial,full,reliable,high,True,True,True,True,100.0
CMPC.SN,2016,12,non_financial,full,reliable,high,True,True,True,True,100.0
CMPC.SN,2017,12,non_financial,full,reliable,high,True,True,True,True,100.0
CMPC.SN,2018,12,non_financial,full,reliable,high,True,True,True,True,100.0
CMPC.SN,2019,12,non_financial,full,reliable,high,True,True,True,True,100.0
CMPC.SN,2020,12,non_financial,full,reliable,high,True,True,True,True,100.0
CMPC.SN,2021,12,non_financial,full,reliable,high,True,True,True,True,100.0
CMPC.SN,2022,12,non_financial,full,reliable,high,True,True,True,True,100.0
CMPC.SN,2023,12,non_financial,full,reliable,high,True,True,True,True,100.0
CMPC.SN,2024,12,non_financial,full,reliable,high,True,True,True,True,100.0
CMPC.SN,2025,12,non_financial,full,reliable,high,True,True,True,True,100.0
COLBUN.SN,2012,12,non_financial,poor,poor,high,True,True,True,True,100.0
COLBUN.SN,2013,12,non_financial,poor,poor,high,True,True,True,True,100.0
COLBUN.SN,2014,12,non_financial,poor,poor,high,True,True,True,True,100.0
COLBUN.SN,2015,12,non_financial,poor,poor,high,True,True,True,True,100.0
COLBUN.SN,2016,12,non_financial,poor,poor,high,True,True,True,True,100.0
COLBUN.SN,2017,12,non_financial,poor,poor,high,True,True,True,True,100.0
COLBUN.SN,2018,12,non_financial,poor,poor,high,True,True,True,True,100.0
COLBUN.SN,2019,12,non_financial,poor,poor,high,True,True,True,True,100.0
COLBUN.SN,2020,12,non_financial,poor,poor,high,True,True,True,True,100.0
COLBUN.SN,2021,12,non_financial,poor,poor,high,True,True,True,True,100.0
COLBUN.SN,2022,12,non_financial,poor,poor,high,True,True,True,True,100.0
COLBUN.SN,2023,12,non_financial,poor,poor,high,True,True,True,True,100.0
COLBUN.SN,2024,12,non_financial,poor,poor,high,True,True,True,True,100.0
COLBUN.SN,2025,12,non_financial,poor,poor,high,True,True,True,True,100.0
CONCHATORO.SN,2012,12,non_financial,full,reliable,high,True,True,True,True,100.0
CONCHATORO.SN,2013,12,non_financial,full,reliable,high,True,True,True,True,100.0
CONCHATORO.SN,2014,12,non_financial,full,reliable,high,True,True,True,True,100.0
CONCHATORO.SN,2015,12,non_financial,full,reliable,high,True,True,True,True,100.0
CONCHATORO.SN,2016,12,non_financial,full,reliable,high,True,True,True,True,100.0
CONCHATORO.SN,2017,12,non_financial,full,reliable,high,True,True,True,True,100.0
CONCHATORO.SN,2018,12,non_financial,full,reliable,high,True,True,True,True,100.0
CONCHATORO.SN,2019,12,non_financial,full,reliable,high,True,True,True,True,100.0
CONCHATORO.SN,2020,12,non_financial,full,reliable,high,True,True,True,True,100.0
CONCHATORO.SN,2021,12,non_financial,full,reliable,high,True,True,True,True,100.0
CONCHATORO.SN,2022,12,non_financial,full,reliable,high,True,True,True,True,100.0
CONCHATORO.SN,2023,12,non_financial,full,reliable,high,True,True,True,True,100.0
CONCHATORO.SN,2024,12,non_financial,full,reliable,high,True,True,True,True,100.0
CONCHATORO.SN,2025,12,non_financial,full,reliable,high,True,True,True,True,100.0
COPEC.SN,2010,12,non_financial,full,poor,high,True,True,True,True,100.0
COPEC.SN,2012,12,non_financial,poor,poor,low,False,False,False,False,0.0
COPEC.SN,2013,12,non_financial,poor,poor,low,False,False,False,False,0.0
COPEC.SN,2014,12,non_financial,poor,poor,low,False,False,False,False,0.0
COPEC.SN,2015,12,non_financial,poor,poor,low,False,False,False,False,0.0
COPEC.SN,2016,12,non_financial,poor,poor,low,False,False,False,False,0.0
COPEC.SN,2017,12,non_financial,poor,poor,low,False,False,False,False,0.0
COPEC.SN,2018,12,non_financial,poor,poor,low,False,False,False,False,0.0
COPEC.SN,2019,12,non_financial,poor,poor,low,False,False,False,False,0.0
COPEC.SN,2020,12,non_financial,poor,poor,low,False,False,False,False,0.0
COPEC.SN,2021,12,non_financial,poor,poor,low,False,False,False,False,0.0
COPEC.SN,2022,12,non_financial,poor,poor,low,False,False,False,False,0.0
COPEC.SN,2023,12,non_financial,poor,poor,low,False,False,False,False,0.0
COPEC.SN,2024,12,non_financial,poor,poor,low,False,False,False,False,0.0
COPEC.SN,2025,12,non_financial,poor,poor,low,False,False,False,False,0.0
ECL.SN,2012,12,non_financial,partial,reliable,high,True,True,True,True,100.0
ECL.SN,2013,12,non_financial,partial,reliable,high,True,True,True,True,100.0
ECL.SN,2014,12,non_financial,partial,reliable,high,True,True,True,True,100.0
ECL.SN,2015,12,non_financial,partial,reliable,high,True,True,True,True,100.0
ECL.SN,2016,12,non_financial,partial,reliable,high,True,True,True,True,100.0
ECL.SN,2017,12,non_financial,partial,reliable,high,True,True,True,True,100.0
ECL.SN,2018,12,non_financial,partial,reliable,high,True,True,True,True,100.0
ECL.SN,2019,12,non_financial,partial,reliable,high,True,True,True,True,100.0
ECL.SN,2020,12,non_financial,partial,proxy,high,True,True,True,True,100.0
ECL.SN,2021,12,non_financial,partial,reliable,high,True,True,True,True,100.0
ECL.SN,2022,12,non_financial,partial,proxy,high,True,True,True,True,100.0
ECL.SN,2023,12,non_financial,partial,proxy,high,True,True,True,True,100.0
ECL.SN,2024,12,non_financial,partial,proxy,high,True,True,True,True,100.0
ECL.SN,2025,12,non_financial,partial,proxy,high,True,True,True,True,100.0
EMBONOR-B.SN,2012,12,non_financial,full,poor,high,True,True,True,True,100.0
EMBONOR-B.SN,2013,12,non_financial,full,poor,high,True,True,True,True,100.0
EMBONOR-B.SN,2014,12,non_financial,full,poor,high,True,True,True,True,100.0
EMBONOR-B.SN,2015,12,non_financial,full,poor,high,True,True,True,True,100.0
EMBONOR-B.SN,2016,12,non_financial,full,poor,high,True,True,True,True,100.0
EMBONOR-B.SN,2017,12,non_financial,full,poor,high,True,True,True,True,100.0
EMBONOR-B.SN,2018,12,non_financial,full,poor,high,True,True,True,True,100.0
EMBONOR-B.SN,2019,12,non_financial,full,poor,high,True,True,True,True,100.0
EMBONOR-B.SN,2020,12,non_financial,full,poor,high,True,True,True,True,100.0
EMBONOR-B.SN,2021,12,non_financial,full,poor,high,True,True,True,True,100.0
EMBONOR-B.SN,2022,12,non_financial,full,poor,high,True,True,True,True,100.0
EMBONOR-B.SN,2023,12,non_financial,full,poor,high,True,True,True,True,100.0
EMBONOR-B.SN,2024,12,non_financial,full,poor,high,True,True,True,True,100.0
EMBONOR-B.SN,2025,12,non_financial,full,poor,high,True,True,True,True,100.0
ENELAM.SN,2012,12,non_financial,poor,reliable,high,True,True,True,True,100.0
ENELAM.SN,2013,12,non_financial,poor,poor,high,True,True,True,True,100.0
ENELAM.SN,2014,12,non_financial,poor,poor,high,True,True,True,True,100.0
ENELAM.SN,2015,12,non_financial,poor,poor,high,True,True,True,True,100.0
ENELAM.SN,2016,12,non_financial,poor,poor,high,True,True,True,True,100.0
ENELAM.SN,2017,12,non_financial,poor,poor,high,True,True,True,True,100.0
ENELAM.SN,2018,12,non_financial,poor,poor,high,True,True,True,True,100.0
ENELAM.SN,2019,12,non_financial,poor,poor,high,True,True,True,True,100.0
ENELAM.SN,2020,12,non_financial,poor,poor,high,True,True,True,True,100.0
ENELAM.SN,2021,12,non_financial,poor,poor,high,True,True,True,True,100.0
ENELAM.SN,2022,12,non_financial,poor,poor,high,True,True,True,True,100.0
ENELAM.SN,2023,12,non_financial,poor,poor,high,True,True,True,True,100.0
ENELAM.SN,2024,12,non_financial,poor,poor,high,True,True,True,True,100.0
ENELAM.SN,2025,12,non_financial,poor,poor,high,True,True,True,True,100.0
ENELCHILE.SN,2016,12,non_financial,poor,poor,high,True,True,True,True,100.0
ENELCHILE.SN,2017,12,non_financial,poor,poor,high,True,True,True,True,100.0
ENELCHILE.SN,2018,12,non_financial,poor,poor,high,True,True,True,True,100.0
ENELCHILE.SN,2019,12,non_financial,poor,poor,high,True,True,True,True,100.0
ENELCHILE.SN,2020,12,non_financial,poor,poor,high,True,True,True,True,100.0
ENELCHILE.SN,2021,12,non_financial,poor,poor,high,True,True,True,True,100.0
ENELCHILE.SN,2022,12,non_financial,poor,poor,high,True,True,True,True,100.0
ENELCHILE.SN,2023,12,non_financial,poor,poor,high,True,True,True,True,100.0
ENELCHILE.SN,2024,12,non_financial,poor,poor,high,True,True,True,True,100.0
ENELCHILE.SN,2025,12,non_financial,poor,poor,high,True,True,True,True,100.0
ENELGXCH.SN,2012,12,non_financial,poor,poor,high,True,True,True,True,100.0
ENELGXCH.SN,2013,12,non_financial,poor,poor,high,True,True,True,True,100.0
ENELGXCH.SN,2014,12,non_financial,poor,poor,high,True,True,True,True,100.0
ENELGXCH.SN,2015,12,non_financial,poor,poor,high,True,True,True,True,100.0
ENELGXCH.SN,2016,12,non_financial,poor,poor,high,True,True,True,True,100.0
ENELGXCH.SN,2017,12,non_financial,poor,poor,high,True,True,True,True,100.0
ENELGXCH.SN,2018,12,non_financial,poor,poor,high,True,True,True,True,100.0
ENELGXCH.SN,2019,12,non_financial,poor,poor,high,True,True,True,True,100.0
ENELGXCH.SN,2020,12,non_financial,poor,poor,high,True,True,True,True,100.0
ENELGXCH.SN,2021,12,non_financial,poor,poor,high,True,True,True,True,100.0
ENELGXCH.SN,2022,12,non_financial,poor,poor,high,True,True,True,True,100.0
ENELGXCH.SN,2023,12,non_financial,poor,poor,high,True,True,True,True,100.0
ENELGXCH.SN,2024,12,non_financial,poor,poor,high,True,True,True,True,100.0
ENELGXCH.SN,2025,12,non_financial,poor,poor,high,True,True,True,True,100.0
ENTEL.SN,2012,12,non_financial,poor,reliable,high,True,True,True,True,100.0
ENTEL.SN,2013,12,non_financial,poor,reliable,high,True,True,True,True,100.0
ENTEL.SN,2014,12,non_financial,poor,reliable,high,True,True,True,True,100.0
ENTEL.SN,2015,12,non_financial,poor,reliable,high,True,True,True,True,100.0
ENTEL.SN,2016,12,non_financial,poor,reliable,high,True,True,True,True,100.0
ENTEL.SN,2017,12,non_financial,poor,reliable,high,True,True,True,True,100.0
ENTEL.SN,2018,12,non_financial,poor,reliable,high,True,True,True,True,100.0
ENTEL.SN,2019,12,non_financial,poor,reliable,high,True,True,True,True,100.0
ENTEL.SN,2020,12,non_financial,poor,reliable,high,True,True,True,True,100.0
ENTEL.SN,2021,12,non_financial,poor,reliable,high,True,True,True,True,100.0
ENTEL.SN,2022,12,non_financial,poor,reliable,high,True,True,True,True,100.0
ENTEL.SN,2023,12,non_financial,poor,reliable,high,True,True,True,True,100.0
ENTEL.SN,2024,12,non_financial,poor,reliable,high,True,True,True,True,100.0
ENTEL.SN,2025,12,non_financial,poor,reliable,high,True,True,True,True,100.0
FALABELLA.SN,2011,12,non_financial,full,poor,high,True,True,True,True,100.0
FALABELLA.SN,2012,12,non_financial,full,proxy,high,True,True,True,True,100.0
FALABELLA.SN,2013,12,non_financial,full,proxy,high,True,True,True,True,100.0
FALABELLA.SN,2014,12,non_financial,full,proxy,high,True,True,True,True,100.0
FALABELLA.SN,2015,12,non_financial,full,proxy,high,True,True,True,True,100.0
FALABELLA.SN,2016,12,non_financial,full,proxy,high,True,True,True,True,100.0
FALABELLA.SN,2017,12,non_financial,full,proxy,high,True,True,True,True,100.0
FALABELLA.SN,2018,12,non_financial,full,proxy,high,True,True,True,True,100.0
FALABELLA.SN,2019,12,non_financial,full,proxy,high,True,True,True,True,100.0
FALABELLA.SN,2020,12,non_financial,full,proxy,high,True,True,True,True,100.0
FALABELLA.SN,2021,12,non_financial,full,proxy,high,True,True,True,True,100.0
FALABELLA.SN,2022,12,non_financial,full,proxy,high,True,True,True,True,100.0
FALABELLA.SN,2023,12,non_financial,full,proxy,high,True,True,True,True,100.0
FALABELLA.SN,2024,12,non_financial,full,proxy,high,True,True,True,True,100.0
FALABELLA.SN,2025,12,non_financial,full,proxy,high,True,True,True,True,100.0
FORUS.SN,2012,12,non_financial,full,reliable,high,True,True,True,True,100.0
FORUS.SN,2013,12,non_financial,full,reliable,high,True,True,True,True,100.0
FORUS.SN,2014,12,non_financial,full,reliable,high,True,True,True,True,100.0
FORUS.SN,2015,12,non_financial,full,reliable,high,True,True,True,True,100.0
FORUS.SN,2016,12,non_financial,full,reliable,high,True,True,True,True,100.0
FORUS.SN,2017,12,non_financial,full,reliable,high,True,True,True,True,100.0
FORUS.SN,2018,12,non_financial,full,reliable,high,True,True,True,True,100.0
FORUS.SN,2019,12,non_financial,full,reliable,high,True,True,True,True,100.0
FORUS.SN,2020,12,non_financial,full,reliable,high,True,True,True,True,100.0
FORUS.SN,2021,12,non_financial,full,reliable,high,True,True,True,True,100.0
FORUS.SN,2022,12,non_financial,full,reliable,high,True,True,True,True,100.0
FORUS.SN,2023,12,non_financial,full,reliable,high,True,True,True,True,100.0
FORUS.SN,2024,12,non_financial,full,reliable,high,True,True,True,True,100.0
FORUS.SN,2025,12,non_financial,full,proxy,high,True,True,True,True,100.0
GASCO.SN,2011,12,non_financial,full,poor,high,True,True,True,True,100.0
GASCO.SN,2012,12,non_financial,full,reliable,high,True,True,True,True,100.0
GASCO.SN,2013,12,non_financial,full,reliable,high,True,True,True,True,100.0
GASCO.SN,2014,12,non_financial,full,reliable,high,True,True,True,True,100.0
GASCO.SN,2015,12,non_financial,full,reliable,high,True,True,True,True,100.0
GASCO.SN,2016,12,non_financial,full,reliable,high,True,True,True,True,100.0
GASCO.SN,2017,12,non_financial,full,reliable,high,True,True,True,True,100.0
GASCO.SN,2018,12,non_financial,full,reliable,high,True,True,True,True,100.0
GASCO.SN,2019,12,non_financial,full,reliable,high,True,True,True,True,100.0
GASCO.SN,2020,12,non_financial,full,reliable,high,True,True,True,True,100.0
GASCO.SN,2021,12,non_financial,full,reliable,high,True,True,True,True,100.0
GASCO.SN,2022,12,non_financial,full,reliable,high,True,True,True,True,100.0
GASCO.SN,2023,12,non_financial,full,reliable,high,True,True,True,True,100.0
GASCO.SN,2024,12,non_financial,full,reliable,high,True,True,True,True,100.0
GASCO.SN,2025,12,non_financial,full,reliable,high,True,True,True,True,100.0
HITES.SN,2012,12,non_financial,poor,poor,low,False,False,False,False,0.0
HITES.SN,2013,12,non_financial,poor,poor,low,False,False,False,False,0.0
HITES.SN,2014,12,non_financial,poor,poor,low,False,False,False,False,0.0
HITES.SN,2015,12,non_financial,poor,poor,low,False,False,False,False,0.0
HITES.SN,2016,12,non_financial,poor,poor,low,False,False,False,False,0.0
HITES.SN,2017,12,non_financial,poor,poor,low,False,False,False,False,0.0
HITES.SN,2018,12,non_financial,poor,poor,low,False,False,False,False,0.0
HITES.SN,2019,12,non_financial,poor,poor,low,False,False,False,False,0.0
HITES.SN,2020,12,non_financial,poor,poor,low,False,False,False,False,0.0
HITES.SN,2021,12,non_financial,poor,poor,low,False,False,False,False,0.0
HITES.SN,2022,12,non_financial,poor,poor,low,False,False,False,False,0.0
HITES.SN,2023,12,non_financial,poor,poor,low,False,False,False,False,0.0
HITES.SN,2024,12,non_financial,poor,poor,low,False,False,False,False,0.0
HITES.SN,2025,12,non_financial,poor,poor,low,False,False,False,False,0.0
IAM.SN,2012,12,non_financial,poor,poor,high,True,True,True,True,100.0
IAM.SN,2013,12,non_financial,poor,poor,high,True,True,True,True,100.0
IAM.SN,2014,12,non_financial,poor,poor,high,True,True,True,True,100.0
IAM.SN,2015,12,non_financial,poor,poor,high,True,True,True,True,100.0
IAM.SN,2016,12,non_financial,poor,poor,high,True,True,True,True,100.0
IAM.SN,2017,12,non_financial,poor,poor,high,True,True,True,True,100.0
IAM.SN,2018,12,non_financial,poor,poor,high,True,True,True,True,100.0
IAM.SN,2019,12,non_financial,poor,poor,low,False,False,False,False,0.0
IAM.SN,2020,12,non_financial,poor,poor,low,False,False,False,False,0.0
IAM.SN,2021,12,non_financial,poor,poor,low,False,False,False,False,0.0
IAM.SN,2022,12,non_financial,poor,poor,low,False,False,False,False,0.0
IAM.SN,2023,12,non_financial,poor,poor,low,False,False,False,False,0.0
IAM.SN,2024,12,non_financial,poor,poor,high,True,True,True,True,100.0
IAM.SN,2025,12,non_financial,poor,poor,high,True,True,True,True,100.0
ILC.SN,2011,12,non_financial,partial,poor,high,True,True,True,True,100.0
ILC.SN,2012,12,non_financial,partial,poor,high,True,True,True,True,100.0
ILC.SN,2013,12,non_financial,partial,poor,high,True,True,True,True,100.0
ILC.SN,2014,12,non_financial,partial,poor,high,True,True,True,True,100.0
ILC.SN,2015,12,non_financial,partial,poor,high,True,True,True,True,100.0
ILC.SN,2016,12,non_financial,partial,poor,high,True,True,True,True,100.0
ILC.SN,2017,12,non_financial,partial,poor,high,True,True,True,True,100.0
ILC.SN,2018,12,non_financial,partial,poor,high,True,True,True,True,100.0
ILC.SN,2019,12,non_financial,partial,poor,high,True,True,True,True,100.0
ILC.SN,2020,12,non_financial,partial,poor,high,True,True,True,True,100.0
ILC.SN,2021,12,non_financial,partial,poor,high,True,True,True,True,100.0
ILC.SN,2022,12,non_financial,partial,poor,high,True,True,True,True,100.0
ILC.SN,2023,12,non_financial,partial,poor,high,True,True,True,True,100.0
ILC.SN,2024,12,non_financial,partial,poor,high,True,True,True,True,100.0
ILC.SN,2025,12,non_financial,partial,poor,high,True,True,True,True,100.0
LIPIGAS.SN,2014,12,non_financial,poor,poor,low,False,False,False,False,0.0
LIPIGAS.SN,2015,12,non_financial,poor,poor,low,False,False,False,False,0.0
LIPIGAS.SN,2016,12,non_financial,poor,poor,low,False,False,False,False,0.0
LIPIGAS.SN,2017,12,non_financial,poor,poor,low,False,False,False,False,0.0
LIPIGAS.SN,2018,12,non_financial,poor,poor,low,False,False,False,False,0.0
LIPIGAS.SN,2019,12,non_financial,poor,poor,low,False,False,False,False,0.0
LIPIGAS.SN,2020,12,non_financial,poor,poor,low,False,False,False,False,0.0
LIPIGAS.SN,2021,12,non_financial,poor,poor,low,False,False,False,False,0.0
LIPIGAS.SN,2022,12,non_financial,poor,poor,low,False,False,False,False,0.0
LIPIGAS.SN,2023,12,non_financial,poor,poor,low,False,False,False,False,0.0
LIPIGAS.SN,2024,12,non_financial,poor,poor,low,False,False,False,False,0.0
LIPIGAS.SN,2025,12,non_financial,poor,poor,low,False,False,False,False,0.0
LTM.SN,2010,12,non_financial,full,poor,high,True,True,True,True,100.0
LTM.SN,2011,12,non_financial,full,poor,high,True,True,True,True,100.0
LTM.SN,2012,12,non_financial,poor,poor,low,False,False,False,False,0.0
LTM.SN,2013,12,non_financial,poor,poor,low,False,False,False,False,0.0
LTM.SN,2014,12,non_financial,poor,poor,low,False,False,False,False,0.0
LTM.SN,2015,12,non_financial,poor,poor,low,False,False,False,False,0.0
LTM.SN,2016,12,non_financial,poor,poor,low,False,False,False,False,0.0
LTM.SN,2017,12,non_financial,poor,poor,low,False,False,False,False,0.0
LTM.SN,2018,12,non_financial,poor,poor,low,False,False,False,False,0.0
LTM.SN,2019,12,non_financial,poor,poor,low,False,False,False,False,0.0
LTM.SN,2020,12,non_financial,poor,poor,low,False,False,False,False,0.0
LTM.SN,2021,12,non_financial,poor,poor,low,False,False,False,False,0.0
LTM.SN,2022,12,non_financial,poor,poor,low,False,False,False,False,0.0
LTM.SN,2023,12,non_financial,poor,poor,low,False,False,False,False,0.0
LTM.SN,2024,12,non_financial,poor,poor,low,False,False,False,False,0.0
LTM.SN,2025,12,non_financial,poor,poor,low,False,False,False,False,0.0
MALLPLAZA.SN,2010,12,non_financial,full,poor,high,True,True,True,True,100.0
MALLPLAZA.SN,2011,12,non_financial,full,poor,high,True,True,True,True,100.0
MALLPLAZA.SN,2012,12,non_financial,partial,reliable,high,True,True,True,True,100.0
MALLPLAZA.SN,2013,12,non_financial,partial,poor,high,True,True,True,True,100.0
MALLPLAZA.SN,2014,12,non_financial,partial,poor,high,True,True,True,True,100.0
MALLPLAZA.SN,2015,12,non_financial,partial,poor,high,True,True,True,True,100.0
MALLPLAZA.SN,2016,12,non_financial,partial,poor,high,True,True,True,True,100.0
MALLPLAZA.SN,2017,12,non_financial,partial,poor,high,True,True,True,True,100.0
MALLPLAZA.SN,2018,12,non_financial,partial,poor,high,True,True,True,True,100.0
MALLPLAZA.SN,2019,12,non_financial,partial,poor,high,True,True,True,True,100.0
MALLPLAZA.SN,2020,12,non_financial,partial,poor,high,True,True,True,True,100.0
MALLPLAZA.SN,2021,12,non_financial,partial,poor,high,True,True,True,True,100.0
MALLPLAZA.SN,2022,12,non_financial,partial,poor,high,True,True,True,True,100.0
MALLPLAZA.SN,2023,12,non_financial,partial,poor,high,True,True,True,True,100.0
MALLPLAZA.SN,2024,12,non_financial,partial,poor,high,True,True,True,True,100.0
MALLPLAZA.SN,2025,12,non_financial,partial,poor,high,True,True,True,True,100.0
MASISA.SN,2012,12,non_financial,full,reliable,high,True,True,True,True,100.0
MASISA.SN,2013,12,non_financial,poor,poor,low,False,False,False,False,0.0
MASISA.SN,2014,12,non_financial,poor,poor,low,False,False,False,False,0.0
MASISA.SN,2015,12,non_financial,poor,poor,low,False,False,False,False,0.0
MASISA.SN,2016,12,non_financial,poor,poor,low,False,False,False,False,0.0
MASISA.SN,2017,12,non_financial,poor,poor,low,False,False,False,False,0.0
MASISA.SN,2018,12,non_financial,poor,poor,low,False,False,False,False,0.0
MASISA.SN,2019,12,non_financial,poor,poor,low,False,False,False,False,0.0
MASISA.SN,2020,12,non_financial,poor,poor,low,False,False,False,False,0.0
MASISA.SN,2021,12,non_financial,poor,poor,low,False,False,False,False,0.0
MASISA.SN,2022,12,non_financial,poor,poor,low,False,False,False,False,0.0
MASISA.SN,2023,12,non_financial,poor,poor,low,False,False,False,False,0.0
MASISA.SN,2024,12,non_financial,poor,poor,low,False,False,False,False,0.0
MASISA.SN,2025,12,non_financial,poor,poor,low,False,False,False,False,0.0
MOLYMET.SN,2012,12,non_financial,full,reliable,high,True,True,True,True,100.0
MOLYMET.SN,2013,12,non_financial,full,reliable,high,True,True,True,True,100.0
MOLYMET.SN,2014,12,non_financial,full,reliable,high,True,True,True,True,100.0
MOLYMET.SN,2015,12,non_financial,full,reliable,high,True,True,True,True,100.0
MOLYMET.SN,2016,12,non_financial,full,reliable,high,True,True,True,True,100.0
MOLYMET.SN,2017,12,non_financial,full,reliable,high,True,True,True,True,100.0
MOLYMET.SN,2018,12,non_financial,full,proxy,high,True,True,True,True,100.0
MOLYMET.SN,2019,12,non_financial,full,proxy,high,True,True,True,True,100.0
MOLYMET.SN,2020,12,non_financial,full,proxy,high,True,True,True,True,100.0
MOLYMET.SN,2021,12,non_financial,full,proxy,high,True,True,True,True,100.0
MOLYMET.SN,2022,12,non_financial,full,proxy,high,True,True,True,True,100.0
MOLYMET.SN,2023,12,non_financial,full,reliable,high,True,True,True,True,100.0
MOLYMET.SN,2024,12,non_financial,full,reliable,high,True,True,True,True,100.0
MOLYMET.SN,2025,12,non_financial,full,proxy,high,True,True,True,True,100.0
NTGCLGAS.SN,2016,12,non_financial,partial,reliable,high,True,True,True,True,100.0
NTGCLGAS.SN,2017,12,non_financial,partial,reliable,high,True,True,True,True,100.0
NTGCLGAS.SN,2018,12,non_financial,partial,reliable,high,True,True,True,True,100.0
NTGCLGAS.SN,2019,12,non_financial,partial,reliable,high,True,True,True,True,100.0
NTGCLGAS.SN,2020,12,non_financial,partial,reliable,high,True,True,True,True,100.0
NTGCLGAS.SN,2021,12,non_financial,partial,reliable,high,True,True,True,True,100.0
NTGCLGAS.SN,2022,12,non_financial,partial,reliable,high,True,True,True,True,100.0
NTGCLGAS.SN,2023,12,non_financial,partial,reliable,high,True,True,True,True,100.0
NTGCLGAS.SN,2024,12,non_financial,partial,reliable,high,True,True,True,True,100.0
NTGCLGAS.SN,2025,12,non_financial,full,reliable,high,True,True,True,True,100.0
PARAUCO.SN,2011,12,non_financial,partial,poor,high,True,True,True,True,100.0
PARAUCO.SN,2012,12,non_financial,partial,reliable,high,True,True,True,True,100.0
PARAUCO.SN,2013,12,non_financial,partial,poor,high,True,True,True,True,100.0
PARAUCO.SN,2014,12,non_financial,partial,poor,high,True,True,True,True,100.0
PARAUCO.SN,2015,12,non_financial,partial,poor,high,True,True,True,True,100.0
PARAUCO.SN,2016,12,non_financial,partial,poor,high,True,True,True,True,100.0
PARAUCO.SN,2017,12,non_financial,partial,poor,high,True,True,True,True,100.0
PARAUCO.SN,2018,12,non_financial,partial,poor,high,True,True,True,True,100.0
PARAUCO.SN,2019,12,non_financial,partial,poor,high,True,True,True,True,100.0
PARAUCO.SN,2020,12,non_financial,partial,poor,high,True,True,True,True,100.0
PARAUCO.SN,2021,12,non_financial,partial,poor,high,True,True,True,True,100.0
PARAUCO.SN,2022,12,non_financial,partial,poor,high,True,True,True,True,100.0
PARAUCO.SN,2023,12,non_financial,partial,poor,high,True,True,True,True,100.0
PARAUCO.SN,2024,12,non_financial,partial,poor,high,True,True,True,True,100.0
PARAUCO.SN,2025,12,non_financial,partial,poor,high,True,True,True,True,100.0
PAZ.SN,2012,12,non_financial,partial,reliable,high,True,True,True,True,100.0
PAZ.SN,2013,12,non_financial,partial,reliable,high,True,True,True,True,100.0
PAZ.SN,2014,12,non_financial,partial,reliable,high,True,True,True,True,100.0
PAZ.SN,2015,12,non_financial,partial,reliable,high,True,True,True,True,100.0
PAZ.SN,2016,12,non_financial,partial,reliable,high,True,True,True,True,100.0
PAZ.SN,2017,12,non_financial,partial,proxy,high,True,True,True,True,100.0
PAZ.SN,2018,12,non_financial,partial,proxy,high,True,True,True,True,100.0
PAZ.SN,2019,12,non_financial,partial,reliable,high,True,True,True,True,100.0
PAZ.SN,2020,12,non_financial,partial,reliable,high,True,True,True,True,100.0
PAZ.SN,2021,12,non_financial,partial,reliable,high,True,True,True,True,100.0
PAZ.SN,2022,12,non_financial,partial,reliable,high,True,True,True,True,100.0
PAZ.SN,2023,12,non_financial,partial,reliable,high,True,True,True,True,100.0
PAZ.SN,2024,12,non_financial,partial,reliable,high,True,True,True,True,100.0
PAZ.SN,2025,12,non_financial,partial,reliable,high,True,True,True,True,100.0
QUINENCO.SN,2012,12,non_financial,full,reliable,high,True,True,True,True,100.0
QUINENCO.SN,2013,12,non_financial,full,reliable,high,True,True,True,True,100.0
QUINENCO.SN,2014,12,non_financial,full,reliable,high,True,True,True,True,100.0
QUINENCO.SN,2015,12,non_financial,full,reliable,high,True,True,True,True,100.0
QUINENCO.SN,2016,12,non_financial,partial,reliable,high,True,True,True,True,100.0
QUINENCO.SN,2017,12,non_financial,partial,reliable,high,True,True,True,True,100.0
QUINENCO.SN,2018,12,non_financial,partial,reliable,high,True,True,True,True,100.0
QUINENCO.SN,2019,12,non_financial,partial,poor,high,True,True,True,True,100.0
QUINENCO.SN,2020,12,non_financial,partial,poor,high,True,True,True,True,100.0
QUINENCO.SN,2021,12,non_financial,partial,poor,high,True,True,True,True,100.0
QUINENCO.SN,2022,12,non_financial,partial,poor,high,True,True,True,True,100.0
QUINENCO.SN,2023,12,non_financial,partial,poor,high,True,True,True,True,100.0
QUINENCO.SN,2024,12,non_financial,partial,poor,high,True,True,True,True,100.0
QUINENCO.SN,2025,12,non_financial,partial,poor,high,True,True,True,True,100.0
RIPLEY.SN,2010,12,non_financial,full,poor,high,True,True,True,True,100.0
RIPLEY.SN,2011,12,non_financial,full,poor,high,True,True,True,True,100.0
RIPLEY.SN,2012,12,non_financial,full,reliable,high,True,True,True,True,100.0
RIPLEY.SN,2013,12,non_financial,full,reliable,high,True,True,True,True,100.0
RIPLEY.SN,2014,12,non_financial,full,reliable,high,True,True,True,True,100.0
RIPLEY.SN,2015,12,non_financial,full,reliable,high,True,True,True,True,100.0
RIPLEY.SN,2016,12,non_financial,full,reliable,high,True,True,True,True,100.0
RIPLEY.SN,2017,12,non_financial,full,reliable,high,True,True,True,True,100.0
RIPLEY.SN,2018,12,non_financial,full,reliable,high,True,True,True,True,100.0
RIPLEY.SN,2019,12,non_financial,full,reliable,high,True,True,True,True,100.0
RIPLEY.SN,2020,12,non_financial,full,reliable,high,True,True,True,True,100.0
RIPLEY.SN,2021,12,non_financial,full,reliable,high,True,True,True,True,100.0
RIPLEY.SN,2022,12,non_financial,full,reliable,high,True,True,True,True,100.0
RIPLEY.SN,2023,12,non_financial,full,proxy,high,True,True,True,True,100.0
RIPLEY.SN,2024,12,non_financial,full,reliable,high,True,True,True,True,100.0
RIPLEY.SN,2025,12,non_financial,full,reliable,high,True,True,True,True,100.0
SALFACORP.SN,2012,12,non_financial,full,poor,high,True,True,True,True,100.0
SALFACORP.SN,2013,12,non_financial,full,poor,high,True,True,True,True,100.0
SALFACORP.SN,2014,12,non_financial,full,poor,high,True,True,True,True,100.0
SALFACORP.SN,2015,12,non_financial,full,poor,high,True,True,True,True,100.0
SALFACORP.SN,2016,12,non_financial,full,poor,high,True,True,True,True,100.0
SALFACORP.SN,2017,12,non_financial,full,poor,high,True,True,True,True,100.0
SALFACORP.SN,2018,12,non_financial,full,poor,high,True,True,True,True,100.0
SALFACORP.SN,2019,12,non_financial,full,poor,high,True,True,True,True,100.0
SALFACORP.SN,2020,12,non_financial,full,poor,high,True,True,True,True,100.0
SALFACORP.SN,2021,12,non_financial,full,poor,high,True,True,True,True,100.0
SALFACORP.SN,2022,12,non_financial,full,poor,high,True,True,True,True,100.0
SALFACORP.SN,2023,12,non_financial,full,poor,high,True,True,True,True,100.0
SALFACORP.SN,2024,12,non_financial,full,poor,high,True,True,True,True,100.0
SALFACORP.SN,2025,12,non_financial,full,poor,high,True,True,True,True,100.0
SMU.SN,2011,12,non_financial,full,poor,high,True,True,True,True,100.0
SMU.SN,2012,12,non_financial,full,poor,high,True,True,True,True,100.0
SMU.SN,2013,12,non_financial,full,poor,high,True,True,True,True,100.0
SMU.SN,2014,12,non_financial,full,poor,high,True,True,True,True,100.0
SMU.SN,2015,12,non_financial,full,poor,high,True,True,True,True,100.0
SMU.SN,2016,12,non_financial,full,poor,high,True,True,True,True,100.0
SMU.SN,2017,12,non_financial,full,poor,high,True,True,True,True,100.0
SMU.SN,2018,12,non_financial,full,poor,high,True,True,True,True,100.0
SMU.SN,2019,12,non_financial,full,poor,high,True,True,True,True,100.0
SMU.SN,2020,12,non_financial,full,poor,high,True,True,True,True,100.0
SMU.SN,2021,12,non_financial,full,poor,high,True,True,True,True,100.0
SMU.SN,2022,12,non_financial,full,poor,high,True,True,True,True,100.0
SMU.SN,2023,12,non_financial,full,poor,high,True,True,True,True,100.0
SMU.SN,2024,12,non_financial,full,poor,high,True,True,True,True,100.0
SMU.SN,2025,12,non_financial,full,poor,high,True,True,True,True,100.0
SOCOVESA.SN,2012,12,non_financial,partial,poor,high,True,True,True,True,100.0
SOCOVESA.SN,2013,12,non_financial,partial,poor,high,True,True,True,True,100.0
SOCOVESA.SN,2014,12,non_financial,partial,poor,high,True,True,True,True,100.0
SOCOVESA.SN,2015,12,non_financial,partial,poor,high,True,True,True,True,100.0
SOCOVESA.SN,2016,12,non_financial,partial,poor,high,True,True,True,True,100.0
SOCOVESA.SN,2017,12,non_financial,partial,poor,high,True,True,True,True,100.0
SOCOVESA.SN,2018,12,non_financial,partial,poor,high,True,True,True,True,100.0
SOCOVESA.SN,2019,12,non_financial,partial,poor,high,True,True,True,True,100.0
SOCOVESA.SN,2020,12,non_financial,partial,poor,high,True,True,True,True,100.0
SOCOVESA.SN,2021,12,non_financial,partial,poor,high,True,True,True,True,100.0
SOCOVESA.SN,2022,12,non_financial,partial,poor,high,True,True,True,True,100.0
SOCOVESA.SN,2023,12,non_financial,partial,poor,high,True,True,True,True,100.0
SOCOVESA.SN,2024,12,non_financial,partial,poor,high,True,True,True,True,100.0
SOCOVESA.SN,2025,12,non_financial,partial,poor,high,True,True,True,True,100.0
SOQUICOM.SN,2010,12,non_financial,full,poor,high,True,True,True,True,100.0
SOQUICOM.SN,2011,12,non_financial,partial,poor,high,True,True,True,True,100.0
SOQUICOM.SN,2012,12,non_financial,partial,poor,high,True,True,True,True,100.0
SOQUICOM.SN,2013,12,non_financial,partial,poor,high,True,True,True,True,100.0
SOQUICOM.SN,2014,12,non_financial,partial,poor,high,True,True,True,True,100.0
SOQUICOM.SN,2015,12,non_financial,partial,poor,high,True,True,True,True,100.0
SOQUICOM.SN,2016,12,non_financial,partial,poor,high,True,True,True,True,100.0
SOQUICOM.SN,2017,12,non_financial,partial,poor,high,True,True,True,True,100.0
SOQUICOM.SN,2018,12,non_financial,partial,poor,high,True,True,True,True,100.0
SOQUICOM.SN,2019,12,non_financial,partial,poor,high,True,True,True,True,100.0
SOQUICOM.SN,2020,12,non_financial,partial,poor,high,True,True,True,True,100.0
SOQUICOM.SN,2021,12,non_financial,partial,poor,high,True,True,True,True,100.0
SOQUICOM.SN,2022,12,non_financial,partial,poor,high,True,True,True,True,100.0
SOQUICOM.SN,2023,12,non_financial,partial,poor,high,True,True,True,True,100.0
SOQUICOM.SN,2024,12,non_financial,partial,poor,high,True,True,True,True,100.0
SOQUICOM.SN,2025,12,non_financial,partial,poor,high,True,True,True,True,100.0
SQM-A.SN,2011,12,non_financial,partial,poor,high,True,True,True,True,100.0
SQM-A.SN,2012,12,non_financial,partial,reliable,high,True,True,True,True,100.0
SQM-A.SN,2013,12,non_financial,poor,poor,low,False,False,False,False,0.0
SQM-A.SN,2014,12,non_financial,poor,poor,low,False,False,False,False,0.0
SQM-A.SN,2015,12,non_financial,poor,poor,low,False,False,False,False,0.0
SQM-A.SN,2016,12,non_financial,poor,poor,low,False,False,False,False,0.0
SQM-A.SN,2017,12,non_financial,poor,poor,low,False,False,False,False,0.0
SQM-A.SN,2018,12,non_financial,poor,poor,low,False,False,False,False,0.0
SQM-A.SN,2019,12,non_financial,poor,poor,low,False,False,False,False,0.0
SQM-A.SN,2020,12,non_financial,poor,poor,low,False,False,False,False,0.0
SQM-A.SN,2021,12,non_financial,poor,poor,low,False,False,False,False,0.0
SQM-A.SN,2022,12,non_financial,poor,poor,low,False,False,False,False,0.0
SQM-A.SN,2023,12,non_financial,poor,poor,low,False,False,False,False,0.0
SQM-A.SN,2024,12,non_financial,poor,poor,low,False,False,False,False,0.0
SQM-A.SN,2025,12,non_financial,poor,poor,low,False,False,False,False,0.0
VAPORES.SN,2010,12,non_financial,partial,poor,high,True,True,True,True,100.0
VAPORES.SN,2012,12,non_financial,partial,reliable,high,True,True,True,True,100.0
VAPORES.SN,2013,12,non_financial,partial,reliable,high,True,True,True,True,100.0
VAPORES.SN,2014,12,non_financial,partial,reliable,high,True,True,True,True,100.0
VAPORES.SN,2015,12,non_financial,poor,poor,low,False,False,False,False,0.0
VAPORES.SN,2016,12,non_financial,poor,poor,low,False,False,False,False,0.0
VAPORES.SN,2017,12,non_financial,poor,poor,low,False,False,False,False,0.0
VAPORES.SN,2018,12,non_financial,poor,poor,low,False,False,False,False,0.0
VAPORES.SN,2019,12,non_financial,poor,poor,low,False,False,False,False,0.0
VAPORES.SN,2020,12,non_financial,poor,poor,low,False,False,False,False,0.0
VAPORES.SN,2021,12,non_financial,poor,poor,low,False,False,False,False,0.0
VAPORES.SN,2022,12,non_financial,poor,poor,low,False,False,False,False,0.0
VAPORES.SN,2023,12,non_financial,poor,poor,low,False,False,False,False,0.0
VAPORES.SN,2024,12,non_financial,poor,poor,low,False,False,False,False,0.0
VAPORES.SN,2025,12,non_financial,poor,poor,low,False,False,False,False,0.0
